mode,category,side,quantity,unit,rmse,bias,max_abs,samples,excluded_days
dirichlet,floor,inside,cond,W/m2,0.5008488571178182,0.0013931755983911476,1.2965066807654786,9216,7
dirichlet,floor,outside,cond,W/m2,0.0022925471101685577,-2.5369967335691143e-05,0.005549268157254872,9216,7
dirichlet,partition,inside,cond,W/m2,0.0023002959780603826,-1.900066914570113e-06,0.009559523822169,11520,7
dirichlet,partition,outside,cond,W/m2,0.0018920488078725203,2.3666871490076335e-06,0.007022567029510096,11520,7
dirichlet,roof,inside,cond,W/m2,0.0072894214438091395,4.6260818219236205e-06,0.030065470490479917,9216,7
dirichlet,roof,outside,cond,W/m2,0.07903980249624229,-2.1704857712559825e-05,0.6226600384775693,9216,7
dirichlet,wall,inside,cond,W/m2,0.014579206576772303,-2.400137958996203e-06,0.16977162073564322,18432,7
dirichlet,wall,outside,cond,W/m2,0.048357558486788535,7.992999640341131e-06,0.9262983763165664,18432,7
robin_linear,floor,inside,Ts,K,0.05649414726803723,0.026370037449409918,0.2315765994221124,9216,7
robin_linear,floor,inside,cond,W/m2,0.0618021188548752,0.029165752349322418,0.2765153337039621,9216,7
robin_linear,floor,outside,cond,W/m2,0.015731604339189808,0.00814832078797723,0.06431643945367815,9216,7
robin_linear,partition,inside,Ts,K,0.013325749255111026,-0.0011643154747873524,0.031745980301820964,11520,7
robin_linear,partition,inside,cond,W/m2,0.012317193046021854,8.411915997812368e-05,0.03295124905924851,11520,7
robin_linear,partition,outside,Ts,K,0.013164890338912851,-0.0011208903846382018,0.03060595303441005,11520,7
robin_linear,partition,outside,cond,W/m2,0.013004573977630956,-0.0001654373590684291,0.03848965766984325,11520,7
robin_linear,roof,inside,Ts,K,0.020133724874334215,-0.0014524703045057273,0.06015345662609661,9216,7
robin_linear,roof,inside,cond,W/m2,0.016931613790526205,-0.0019344241246102695,0.07643326726091981,9216,7
robin_linear,roof,outside,Ts,K,0.07003486935000099,-0.00880959716364914,0.5828486362805165,9216,7
robin_linear,roof,outside,cond,W/m2,0.24694903164580945,0.013584964563812472,1.498147512297848,9216,7
robin_linear,wall,inside,Ts,K,0.022194732011567304,-0.0035864443384311393,0.1450950773591444,18432,7
robin_linear,wall,inside,cond,W/m2,0.02449352289145308,-0.0015498341911688242,0.15088588278584325,18432,7
robin_linear,wall,outside,Ts,K,0.0973538893900551,-0.0069221015969034945,2.039230458619329,18432,7
robin_linear,wall,outside,cond,W/m2,0.372451354671174,0.005261490868285898,3.942350307254685,18432,7
dirichlet,floor,inside,cond,W/m2,0.49420313247757913,0.0015451896522572612,1.2965066807654786,6528,14
dirichlet,floor,outside,cond,W/m2,0.0022578144643403005,-2.0764028227697235e-05,0.005549268157254872,6528,14
dirichlet,partition,inside,cond,W/m2,0.002255177646002702,-3.764032897977358e-06,0.0091970693719442,8160,14
dirichlet,partition,outside,cond,W/m2,0.0018592328886392119,3.790942445368966e-06,0.006664410245456054,8160,14
dirichlet,roof,inside,cond,W/m2,0.007156375648703035,2.9961779433464267e-06,0.030065470490479917,6528,14
dirichlet,roof,outside,cond,W/m2,0.07808198001478119,2.6948188479977344e-06,0.6226600384775693,6528,14
dirichlet,wall,inside,cond,W/m2,0.014055610651034934,-1.0568084938191786e-05,0.13752172623522707,13056,14
dirichlet,wall,outside,cond,W/m2,0.04485468996168866,5.255582280146039e-06,0.7209913530361121,13056,14
robin_linear,floor,inside,Ts,K,0.026633918109749567,0.004110629484831521,0.060263412530332516,6528,14
robin_linear,floor,inside,cond,W/m2,0.028728868202861052,0.007167618041678253,0.07036437933223727,6528,14
robin_linear,floor,outside,cond,W/m2,0.0035112071580408076,0.001272468120649971,0.011970900639358018,6528,14
robin_linear,partition,inside,Ts,K,0.01326687134668901,-0.0013233830812225175,0.031230567426518974,8160,14
robin_linear,partition,inside,cond,W/m2,0.012210116469404935,3.869825582621158e-05,0.03295124905924851,8160,14
robin_linear,partition,outside,Ts,K,0.013111877157739005,-0.0012946452172836877,0.03060595303441005,8160,14
robin_linear,partition,outside,cond,W/m2,0.012809722695737272,-0.00012054364733687392,0.03848965766984325,8160,14
robin_linear,roof,inside,Ts,K,0.019531629296909398,-0.0012522064478390088,0.06015345662609661,6528,14
robin_linear,roof,inside,cond,W/m2,0.01606797460814359,-0.001637686591112052,0.07643326726091981,6528,14
robin_linear,roof,outside,Ts,K,0.0637886919001371,-0.007564864593401329,0.5828486362805165,6528,14
robin_linear,roof,outside,cond,W/m2,0.24678061780205235,0.01225714329416992,1.498147512297848,6528,14
robin_linear,wall,inside,Ts,K,0.02152094278150184,-0.003463275702821884,0.14457462149749745,13056,14
robin_linear,wall,inside,cond,W/m2,0.023733172294690057,-0.001323479339301988,0.13274145263090809,13056,14
robin_linear,wall,outside,Ts,K,0.08809237469729081,-0.006342385750815921,1.5116026116724015,13056,14
robin_linear,wall,outside,cond,W/m2,0.36095179249414455,0.0046502351778841,3.3667379315203263,13056,14
dirichlet,floor,inside,cond,W/m2,0.5042586529612404,0.0010057731249006987,1.2965066807654786,3840,21
dirichlet,floor,outside,cond,W/m2,0.0023084487244815284,7.522399633275406e-05,0.005549268157254872,3840,21
dirichlet,partition,inside,cond,W/m2,0.0022306307815061367,-2.7130124242530357e-06,0.0091970693719442,4800,21
dirichlet,partition,outside,cond,W/m2,0.001839325062715019,2.2895984608731927e-06,0.006576086272625847,4800,21
dirichlet,roof,inside,cond,W/m2,0.007440536429048373,3.2358571384051553e-06,0.030065470490479917,3840,21
dirichlet,roof,outside,cond,W/m2,0.08325917978310939,-7.64455214448765e-06,0.6226600384775693,3840,21
dirichlet,wall,inside,cond,W/m2,0.014234338787105554,-6.190401277196938e-06,0.13657444406973163,7680,21
dirichlet,wall,outside,cond,W/m2,0.04498862584081033,2.2280744571275857e-05,0.5570650128213543,7680,21
robin_linear,floor,inside,Ts,K,0.025598633429265705,-0.0010962449083640339,0.060263412530332516,3840,21
robin_linear,floor,inside,cond,W/m2,0.026357235803930654,0.0020472166696453562,0.06465973029132499,3840,21
robin_linear,floor,outside,cond,W/m2,0.0022896034343133564,-0.0002290044230382226,0.005610254744641718,3840,21
robin_linear,partition,inside,Ts,K,0.013602891434078944,-0.001572127646884726,0.031230567426518974,4800,21
robin_linear,partition,inside,cond,W/m2,0.012400729547783882,-2.9227134801240682e-05,0.03295124905924851,4800,21
robin_linear,partition,outside,Ts,K,0.01344432689769169,-0.0015654653093044502,0.03060595303441005,4800,21
robin_linear,partition,outside,cond,W/m2,0.012836805210396396,-6.002991558016859e-05,0.03848965766984325,4800,21
robin_linear,roof,inside,Ts,K,0.019927695854447983,-0.001398678560823975,0.06015345662609661,3840,21
robin_linear,roof,inside,cond,W/m2,0.016120251560536383,-0.0016010607579135753,0.07643326726091981,3840,21
robin_linear,roof,outside,Ts,K,0.06791718650825819,-0.007569606623427886,0.5828486362805165,3840,21
robin_linear,roof,outside,cond,W/m2,0.2613557363756774,0.012351524374372955,1.498147512297848,3840,21
robin_linear,wall,inside,Ts,K,0.02182272777393012,-0.0037095687332117802,0.14457462149749745,7680,21
robin_linear,wall,inside,cond,W/m2,0.024044822070043513,-0.0011803895896011468,0.13274145263090809,7680,21
robin_linear,wall,outside,Ts,K,0.08793545716317148,-0.006332164465791966,1.217920255855745,7680,21
robin_linear,wall,outside,cond,W/m2,0.36946678709179537,0.004137125637087285,3.3667379315203263,7680,21
