mode,category,side,quantity,refinement_change_rmse
dirichlet,floor,inside,cond,0.01118563776100919
dirichlet,floor,outside,cond,0.00014155505578912242
dirichlet,partition,inside,cond,0.0012557141179568622
dirichlet,partition,outside,cond,0.0011893580640071062
dirichlet,roof,inside,cond,0.006753876452973873
dirichlet,roof,outside,cond,0.06821148970823018
dirichlet,wall,inside,cond,0.010022497237867948
dirichlet,wall,outside,cond,0.056232467669682644
robin_linear,floor,inside,Ts,0.00060489570155614
robin_linear,floor,inside,cond,0.0006441458595659895
robin_linear,floor,outside,cond,0.0001870206442319913
robin_linear,partition,inside,Ts,0.0012937117691150413
robin_linear,partition,inside,cond,0.0009076251633984167
robin_linear,partition,outside,Ts,0.0012556196485721018
robin_linear,partition,outside,cond,0.0009838202596995343
robin_linear,roof,inside,Ts,0.006513778520943704
robin_linear,roof,inside,cond,0.004674526166008738
robin_linear,roof,outside,Ts,0.024854430789613725
robin_linear,roof,outside,cond,0.09625775710071242
robin_linear,wall,inside,Ts,0.004457147441881679
robin_linear,wall,inside,cond,0.005625695732825417
robin_linear,wall,outside,Ts,0.011362822197922721
robin_linear,wall,outside,cond,0.06489807345726764
