mode,category,side,quantity,unit,rmse,bias,max_abs,samples,run
dirichlet,floor,inside,cond,W/m2,0.26592689143752335,0.0004317739317895661,0.6852893895411132,9216,coarse
dirichlet,floor,outside,cond,W/m2,0.004097494694401677,-3.843100206192828e-05,0.009625815221184997,9216,coarse
dirichlet,partition,inside,cond,W/m2,0.03369731198509048,1.3687663714861723e-05,0.10106751163992009,11520,coarse
dirichlet,partition,outside,cond,W/m2,0.03203188352064698,1.7598155107263388e-05,0.10919959965271597,11520,coarse
dirichlet,roof,inside,cond,W/m2,0.16666970348875088,5.578793040730731e-05,0.7103663710447572,9216,coarse
dirichlet,roof,outside,cond,W/m2,1.1453454921872452,-0.00024059913502703304,7.960988968162745,9216,coarse
dirichlet,wall,inside,cond,W/m2,0.20421677993866968,6.371379695441386e-05,1.884136662609007,18432,coarse
dirichlet,wall,outside,cond,W/m2,1.623208323080216,0.00024318518416146734,30.269265390620745,18432,coarse
robin,floor,inside,Ts,K,0.052220602266779624,0.027574283226119215,0.2235609166668837,9216,coarse
robin,floor,inside,cond,W/m2,0.055290109482220774,0.028385355297341052,0.26025760782262086,9216,coarse
robin,floor,outside,cond,W/m2,0.015699813003406234,0.00849419569833421,0.06234225726336984,9216,coarse
robin,partition,inside,Ts,K,0.022865694016322442,-0.0020842412961283715,0.054061467315648315,11520,coarse
robin,partition,inside,cond,W/m2,0.0106143915748867,0.000170177741223156,0.03972139032125499,11520,coarse
robin,partition,outside,Ts,K,0.02231815288767931,-0.002020267865671046,0.052172380660408635,11520,coarse
robin,partition,outside,cond,W/m2,0.012524178706319012,-0.0001930971672375424,0.04706413960319722,11520,coarse
robin,roof,inside,Ts,K,0.08776676578231804,0.003659971928749442,0.2530147664911624,9216,coarse
robin,roof,inside,cond,W/m2,0.06619722768154788,0.008829093343586565,0.28291265955114575,9216,coarse
robin,roof,outside,Ts,K,0.19361056427067863,0.03411430090743596,1.3933809975641225,9216,coarse
robin,roof,outside,cond,W/m2,0.7571180066925043,-0.008886409940134751,3.390954366146893,9216,coarse
robin,wall,inside,Ts,K,0.0733473594667345,0.009177680899756836,0.46004999406432034,18432,coarse
robin,wall,inside,cond,W/m2,0.07983621112214415,0.004436976677640744,0.5476694360295618,18432,coarse
robin,wall,outside,Ts,K,0.20689692132898432,0.018161987108930685,3.5826501982485297,18432,coarse
robin,wall,outside,cond,W/m2,0.8486988698801391,-0.004189135634094328,8.035742837487263,18432,coarse
dirichlet,floor,inside,cond,W/m2,0.5008488571178182,0.0013931755983911476,1.2965066807654786,9216,refined
dirichlet,floor,outside,cond,W/m2,0.0022925471101685577,-2.5369967335691143e-05,0.005549268157254872,9216,refined
dirichlet,partition,inside,cond,W/m2,0.0023002959780603826,-1.900066914570113e-06,0.009559523822169,11520,refined
dirichlet,partition,outside,cond,W/m2,0.0018920488078725203,2.3666871490076335e-06,0.007022567029510096,11520,refined
dirichlet,roof,inside,cond,W/m2,0.0072894214438091395,4.6260818219236205e-06,0.030065470490479917,9216,refined
dirichlet,roof,outside,cond,W/m2,0.07903980249624229,-2.1704857712559825e-05,0.6226600384775693,9216,refined
dirichlet,wall,inside,cond,W/m2,0.014579206576772303,-2.400137958996203e-06,0.16977162073564322,18432,refined
dirichlet,wall,outside,cond,W/m2,0.048357558486788535,7.992999640341131e-06,0.9262983763165664,18432,refined
robin,floor,inside,Ts,K,0.052043695670277626,0.026164155250926663,0.22329275761069312,9216,refined
robin,floor,inside,cond,W/m2,0.05577092667238106,0.027535357364639662,0.2642505981855434,9216,refined
robin,floor,outside,cond,W/m2,0.015470965824832627,0.008093701602829349,0.06430346160238987,9216,refined
robin,partition,inside,Ts,K,0.03257683625616546,-0.0013667656520929099,0.06793312834952303,11520,refined
robin,partition,inside,cond,W/m2,0.018033010300496137,0.0027225681481193587,0.06208471029093676,11520,refined
robin,partition,outside,Ts,K,0.031045126113139823,-0.0012894039083106614,0.06954926507955861,11520,refined
robin,partition,outside,cond,W/m2,0.019754528793892875,0.0013729207249570188,0.07660822033172465,11520,refined
robin,roof,inside,Ts,K,0.04976147380741876,-0.0024767881243505023,0.13233026097651646,9216,refined
robin,roof,inside,cond,W/m2,0.03396490599609093,-0.004277761585421793,0.09500620891449563,9216,refined
robin,roof,outside,Ts,K,0.568845400188846,0.01339741326073995,2.0915612249073092,9216,refined
robin,roof,outside,cond,W/m2,3.246741613912997,-0.4213411186985774,9.734144550927049,9216,refined
robin,wall,inside,Ts,K,0.05807267478716356,-0.004204405370658068,0.17933214213820747,18432,refined
robin,wall,inside,cond,W/m2,0.05626455200271541,-0.00035996787826736925,0.23313105414824697,18432,refined
robin,wall,outside,Ts,K,0.45367027275362104,0.0019863287794729474,3.654038880774067,18432,refined
robin,wall,outside,cond,W/m2,2.3207744022944667,-0.184694227011116,20.882804102944576,18432,refined
dirichlet,floor,inside,cond,W/m2,0.5008488571178182,0.0013931755983911476,1.2965066807654786,9216,matched
dirichlet,floor,outside,cond,W/m2,0.0022925471101685577,-2.5369967335691143e-05,0.005549268157254872,9216,matched
dirichlet,partition,inside,cond,W/m2,0.0023002959780603826,-1.900066914570113e-06,0.009559523822169,11520,matched
dirichlet,partition,outside,cond,W/m2,0.0018920488078725203,2.3666871490076335e-06,0.007022567029510096,11520,matched
dirichlet,roof,inside,cond,W/m2,0.0072894214438091395,4.6260818219236205e-06,0.030065470490479917,9216,matched
dirichlet,roof,outside,cond,W/m2,0.07903980249624229,-2.1704857712559825e-05,0.6226600384775693,9216,matched
dirichlet,wall,inside,cond,W/m2,0.014579206576772303,-2.400137958996203e-06,0.16977162073564322,18432,matched
dirichlet,wall,outside,cond,W/m2,0.048357558486788535,7.992999640341131e-06,0.9262983763165664,18432,matched
robin_linear,floor,inside,Ts,K,0.05649414726803723,0.026370037449409918,0.2315765994221124,9216,matched
robin_linear,floor,inside,cond,W/m2,0.0618021188548752,0.029165752349322418,0.2765153337039621,9216,matched
robin_linear,floor,outside,cond,W/m2,0.015731604339189808,0.00814832078797723,0.06431643945367815,9216,matched
robin_linear,partition,inside,Ts,K,0.013325749255111026,-0.0011643154747873524,0.031745980301820964,11520,matched
robin_linear,partition,inside,cond,W/m2,0.012317193046021854,8.411915997812368e-05,0.03295124905924851,11520,matched
robin_linear,partition,outside,Ts,K,0.013164890338912851,-0.0011208903846382018,0.03060595303441005,11520,matched
robin_linear,partition,outside,cond,W/m2,0.013004573977630956,-0.0001654373590684291,0.03848965766984325,11520,matched
robin_linear,roof,inside,Ts,K,0.020133724874334215,-0.0014524703045057273,0.06015345662609661,9216,matched
robin_linear,roof,inside,cond,W/m2,0.016931613790526205,-0.0019344241246102695,0.07643326726091981,9216,matched
robin_linear,roof,outside,Ts,K,0.07003486935000099,-0.00880959716364914,0.5828486362805165,9216,matched
robin_linear,roof,outside,cond,W/m2,0.24694903164580945,0.013584964563812472,1.498147512297848,9216,matched
robin_linear,wall,inside,Ts,K,0.022194732011567304,-0.0035864443384311393,0.1450950773591444,18432,matched
robin_linear,wall,inside,cond,W/m2,0.02449352289145308,-0.0015498341911688242,0.15088588278584325,18432,matched
robin_linear,wall,outside,Ts,K,0.0973538893900551,-0.0069221015969034945,2.039230458619329,18432,matched
robin_linear,wall,outside,cond,W/m2,0.372451354671174,0.005261490868285898,3.942350307254685,18432,matched
dirichlet,floor,inside,cond,W/m2,0.5735758712809569,0.0015920265667945977,1.2070009014795735,2304,convergence
dirichlet,floor,outside,cond,W/m2,0.0025843392049753177,-1.712728027534795e-05,0.005562484322424677,2304,convergence
dirichlet,partition,inside,cond,W/m2,0.0019507390482319698,3.5730967653639393e-06,0.00666125851111099,2304,convergence
dirichlet,partition,outside,cond,W/m2,0.0022022204305165516,-4.187924446329663e-06,0.0053221081052478025,2304,convergence
dirichlet,roof,inside,cond,W/m2,0.00328700915379901,2.442507561141611e-06,0.011528380410438466,2304,convergence
dirichlet,roof,outside,cond,W/m2,0.012765745450740832,-7.4770663844282344e-06,0.08156874609287712,2304,convergence
dirichlet,wall,inside,cond,W/m2,0.010248498144790143,-5.178318297162432e-06,0.06350766737727653,2304,convergence
dirichlet,wall,outside,cond,W/m2,0.0059708117633814626,2.084857510565586e-06,0.04452732648543645,2304,convergence
robin_linear,floor,inside,Ts,K,0.052117878983329764,0.02157390233222594,0.18566530659745695,2304,convergence
robin_linear,floor,inside,cond,W/m2,0.06067870165612274,0.026401539845841697,0.2475556352860373,2304,convergence
robin_linear,floor,outside,cond,W/m2,0.01362723929022064,0.006704552014575169,0.04957987530834407,2304,convergence
robin_linear,partition,inside,Ts,K,0.014921738684650864,-0.001962768010972097,0.033972587188316083,2304,convergence
robin_linear,partition,inside,cond,W/m2,0.014641242876827713,-0.00021719024879327914,0.035053490154212774,2304,convergence
robin_linear,partition,outside,Ts,K,0.014408211200667147,-0.0020041768375401846,0.03341994671802695,2304,convergence
robin_linear,partition,outside,cond,W/m2,0.014646032120590027,8.948239817829366e-05,0.03363116754702533,2304,convergence
robin_linear,roof,inside,Ts,K,0.027843981137606378,-0.001791808189368317,0.07910960935117828,2304,convergence
robin_linear,roof,inside,cond,W/m2,0.021148152162575415,-0.003037233767159055,0.07734828619467127,2304,convergence
robin_linear,roof,outside,Ts,K,0.09460466223263961,-0.012868302759928785,0.7615024615932953,2304,convergence
robin_linear,roof,outside,cond,W/m2,0.3416393192849853,0.014775984144132134,2.0052682961685733,2304,convergence
robin_linear,wall,inside,Ts,K,0.03050743515361879,-0.007398930085251843,0.11887276000567226,2304,convergence
robin_linear,wall,inside,cond,W/m2,0.03884904846900527,-0.0008260350842804033,0.17800543492491094,2304,convergence
robin_linear,wall,outside,Ts,K,0.10418232504541709,-0.009192745483548783,0.9212907830853965,2304,convergence
robin_linear,wall,outside,cond,W/m2,0.5909370290670464,0.007139699508521499,4.398037063022755,2304,convergence
