boundary,side,quantity,rmse,bias,graph_mean,ep_mean,n,solver
FL,front,Ts,6.261133223768359,1.5173253649906713,300.7059960331212,299.18867066813056,664,before
FL,front,Ta,5.387012294674327,1.100677872130876,300.78227609619415,299.6815982240633,664,before
FL,front,h,1.0694850836651646,1.030893511397248,2.0,0.9691064886027521,664,before
FL,front,cond,7.379887796547888,2.9547779471673725,-0.826490517381896,-3.7812684645492682,664,before
FL,front,conv,0.7891419937273961,-0.18970413143541975,0.15256012614585907,0.34226425758127876,664,before
FL,front,rad,6.625170423740092,-2.765371308531744,0.6739303912360369,3.439301699767781,664,before
OD,front,Ts,5.689936096757081,1.2869529065079386,301.1413412838345,299.85438837732653,664,before
OD,front,Ta,5.387012294674326,1.1006778721308699,300.78227609619415,299.6815982240633,664,before
OD,front,h,1.043321264795558,1.022916472093293,2.0,0.9770835279067069,664,before
OD,front,cond,6.759601596085556,0.146344584182904,1.590438971347789,1.4440943871648853,664,before
OD,front,conv,3.5870026678431954,-0.44060963037242373,-0.7181303752806756,-0.27752074490825196,664,before
OD,front,rad,3.619904422583213,0.29362434771036144,-0.8723085960671118,-1.165932943777473,664,before
RF,front,Ts,5.169292779719999,0.9648384719258997,300.9589043261142,299.9940658541883,664,before
RF,front,Ta,5.387012294674327,1.100677872130876,300.78227609619415,299.6815982240633,664,before
RF,front,h,1.1781372671846344,1.154979581653964,2.0,0.845020418346036,664,before
RF,front,cond,2.2486841935695376,-1.2521168416481876,1.1759079914275967,2.4280248330757845,664,before
RF,front,conv,0.6937660835935017,-0.17301063667865713,-0.3532564598400573,-0.18024582316140023,664,before
RF,front,rad,2.5350871778447712,1.424474928528732,-0.8226515315875383,-2.24712646011627,664,before
OD,back,Ts,6.362760397992287,-0.9742257447678244,302.7410850836948,303.71531082846263,664,before
OD,back,Ta,1.2371181149797965,0.12611129510337257,297.3449246987951,297.2188134036918,664,before
OD,back,h,2.449811896514092,-2.0234211455101896,2.90269433594678,4.9261154814569705,664,before
OD,back,cond,19.02926941659128,-1.3297273983505362,-3.9965583463065792,-2.6668309479560444,664,before
OD,back,conv,47.44064177615624,24.293357087231925,-18.309104128923362,-42.602461216155284,664,before
OD,back,rad,50.53537787446546,-20.743015218666784,24.52636696442004,45.269382183086826,664,before
RF,back,Ts,4.653035301258394,-3.2455634026053306,306.6376243844105,309.8831877870158,664,before
RF,back,Ta,1.238167857179235,0.1360237879684453,297.3449246987951,297.20890091082674,664,before
RF,back,h,0.970705926900284,-0.16789261118584872,5.790231957656685,5.958124568842533,664,before
RF,back,cond,15.440745439179434,-2.2006009346374227,-5.81008195596344,-3.6094810213260176,664,before
RF,back,conv,46.75927521225487,28.955762582169598,-79.3421308879072,-108.29789347007681,664,before
RF,back,rad,36.73803564033489,-11.19844999555577,100.70893412477258,111.90738412032833,664,before
FL,front,Ts,2.545284754971664,-0.0783309290581215,299.11033973907246,299.18867066813056,664,after
FL,front,Ta,1.9437215420405802,-0.37853332377345794,299.3030649002898,299.6815982240633,664,after
FL,front,h,1.0694850836651646,1.030893511397248,2.0,0.9691064886027521,664,after
FL,front,cond,6.681072461213746,2.292898877943959,-1.4883695866053095,-3.7812684645492682,664,after
FL,front,conv,0.6532292855906399,0.0431860648534978,0.3854503224347765,0.34226425758127876,664,after
FL,front,rad,6.1390039097848685,-2.336382435597255,1.1029192641705265,3.439301699767781,664,after
OD,front,Ts,1.8459767397055538,-0.33265895535390927,299.5217294219727,299.85438837732653,664,after
OD,front,Ta,1.943721542040581,-0.378533323773464,299.3030649002898,299.6815982240633,664,after
OD,front,h,1.043321264795558,1.022916472093293,2.0,0.9770835279067069,664,after
OD,front,cond,3.1338835111178525,-0.5223138086988214,0.9217805784660635,1.4440943871648853,664,after
OD,front,conv,1.2060500441411688,-0.15980829845739952,-0.4373290433656515,-0.27752074490825196,664,after
OD,front,rad,2.7287327510689865,0.6814814086770484,-0.4844515351004249,-1.165932943777473,664,after
RF,front,Ts,1.909375427750054,-0.46511668709136034,299.5289491670969,299.9940658541883,664,after
RF,front,Ta,1.9437215420405802,-0.37853332377345794,299.3030649002898,299.6815982240633,664,after
RF,front,h,1.1781372671846344,1.154979581653964,2.0,0.845020418346036,664,after
RF,front,cond,1.6118817025777357,-0.8317129128000756,1.596311920275709,2.4280248330757845,664,after
RF,front,conv,0.688079949472952,-0.2715227104528056,-0.45176853361420594,-0.18024582316140023,664,after
RF,front,rad,2.0353309141981994,1.1025830734547701,-1.1445433866615007,-2.24712646011627,664,after
OD,back,Ts,7.603971228027593,-0.6983498800340834,303.0169609484285,303.71531082846263,664,after
OD,back,Ta,1.2371181149797965,0.12611129510337257,297.3449246987951,297.2188134036918,664,after
OD,back,h,2.449811896514092,-2.0234211455101896,2.90269433594678,4.9261154814569705,664,after
OD,back,cond,12.177887103428164,0.5492002021426281,-2.117630745813416,-2.6668309479560444,664,after
OD,back,conv,45.5593273077018,23.267281852976893,-19.33517936317839,-42.602461216155284,664,after
OD,back,rad,50.05249697771829,-23.81657207409499,21.45281010899183,45.269382183086826,664,after
RF,back,Ts,4.3481673906694835,-2.292927929854216,307.59025985716164,309.8831877870158,664,after
RF,back,Ta,1.238167857179235,0.1360237879684453,297.3449246987951,297.20890091082674,664,after
RF,back,h,0.970705926900284,-0.16789261118584872,5.790231957656685,5.958124568842533,664,after
RF,back,cond,7.850728162378173,1.1857971846281443,-2.4236838366978724,-3.6094810213260176,664,after
RF,back,conv,24.718072688516138,21.207781325092096,-87.09011214498469,-108.29789347007681,664,after
RF,back,rad,24.862153398578844,-22.39358813864573,89.5137959816826,111.90738412032833,664,after
