category,side,quantity,rmse,bias,max_abs,climate
roof,outside,Ts,0.17318905283721228,-0.039440473547887135,1.0009099489261075,burbank
roof,outside,cond,0.4340033317386416,0.033734895069355904,4.370617425192279,burbank
roof,outside,conv,0.6685701072645989,-0.18023472501019988,6.202550332114537,burbank
roof,outside,rad,0.42302880793536773,0.14650003282365073,2.344943611733555,burbank
wall,outside,Ts,0.11807574447277569,-0.0182900065688303,1.2896647527213077,burbank
wall,outside,cond,0.4306409776480733,0.04395215527236398,6.10522006102866,burbank
wall,outside,conv,0.5405311005864027,-0.0806101988390533,9.585249357251655,burbank
wall,outside,rad,0.5052296247088792,0.036659986564520956,7.277769266445404,burbank
roof,outside,Ts,0.1684911472750493,-0.039244416632728846,1.5352157286625356,palm_springs
roof,outside,cond,0.5749172372020396,0.045216736188242145,13.873341530043348,palm_springs
roof,outside,conv,0.7255501904540658,-0.16296373539838752,7.215491629065472,palm_springs
roof,outside,rad,0.49662333733308467,0.11774722705918925,7.680435751627149,palm_springs
wall,outside,Ts,0.13090804799108716,-0.012581308446555578,3.4339216072810927,palm_springs
wall,outside,cond,0.9053561916313203,0.09276247879373005,33.9336282572056,palm_springs
wall,outside,conv,0.6417864029109445,-0.09688311674026964,15.607080795629017,palm_springs
wall,outside,rad,0.6628064761747119,0.004122414121619735,18.379509757469574,palm_springs
roof,outside,Ts,0.14123681325160908,-0.01754878953010701,3.377391117246532,arcata
roof,outside,cond,1.0769159649486946,0.048412650272096416,38.410601905669154,arcata
roof,outside,conv,0.7465955506384626,-0.1275439910329524,19.619516588227135,arcata
roof,outside,rad,0.6006940398985608,0.07913135768544534,18.79105603905817,arcata
wall,outside,Ts,0.10945914359567496,-0.010947526058244485,3.3759895012111656,arcata
wall,outside,cond,0.8212002822478909,0.030207727762697867,42.56541118303392,arcata
wall,outside,conv,0.5146622104543458,-0.05616031893239342,22.899393708268953,arcata
wall,outside,rad,0.5297183407852905,0.025952579984666265,19.665868033481757,arcata
