climate,variant,excluded_days,room_rmse_K,room_bias_K,max_energy_residual_W,warmup_days
arcata,fixed_1,0,0.4488729755284898,0.4195010794355677,1.9514573068590835e-07,32
arcata,fixed_1,7,0.4817991080301921,0.4634413309578461,1.9514573068590835e-07,32
arcata,fixed_1,14,0.5075998763811452,0.4921383082539152,1.9514573068590835e-07,32
arcata,fixed_2,0,0.3350245284355539,0.3026892554449524,1.8991795514011756e-07,32
arcata,fixed_2,7,0.367255717396998,0.350890823117282,1.8991795514011756e-07,32
arcata,fixed_2,14,0.3939173675784059,0.38158371383802436,1.8991795514011756e-07,32
arcata,fixed_3,0,0.20728374016883758,0.12555764059981728,2.0445372683752794e-07,32
arcata,fixed_3,7,0.22265424846677023,0.17743678443797217,2.0445372683752794e-07,32
arcata,fixed_3,14,0.24496366317118679,0.20861839244348507,2.0445372683752794e-07,32
arcata,legacy,0,0.681417125085802,0.6654423680413595,1.8949731384054758e-07,30
arcata,legacy,7,0.7094694548114571,0.6971018873089344,1.8949731384054758e-07,30
arcata,legacy,14,0.7055918131702649,0.6937740378695904,1.8949731384054758e-07,30
arcata,variable,0,0.1801642257075081,-0.07866645913984113,1.9867320588673465e-07,33
arcata,variable,7,0.07820073214914869,-0.007289744648896776,1.9867320588673465e-07,33
arcata,variable,14,0.0695158722187402,0.021934446441282174,1.9867320588673465e-07,33
burbank,fixed_1,0,0.9238773767021713,0.8859317011542007,2.0596917238435708e-07,36
burbank,fixed_1,7,0.8301035832522023,0.8058650311167447,2.0596917238435708e-07,36
burbank,fixed_1,14,0.7719512220490358,0.7545331934665421,2.0596917238435708e-07,36
burbank,fixed_2,0,0.8127783589680628,0.766701889547162,2.1301639208104461e-07,36
burbank,fixed_2,7,0.6819403165892501,0.6640281459790616,2.1301639208104461e-07,36
burbank,fixed_2,14,0.6238773923928792,0.6112957029449586,2.1301639208104461e-07,36
burbank,fixed_3,0,0.6611496910377043,0.5837540900405352,1.963903741852846e-07,35
burbank,fixed_3,7,0.49320806193369277,0.4621854676714746,1.963903741852846e-07,35
burbank,fixed_3,14,0.43321647261969715,0.4078209447569279,1.963903741852846e-07,35
burbank,isotropic,0,0.40567867180661343,-0.2837109245461985,2.001829670916777e-07,35
burbank,isotropic,7,0.4265274920031835,-0.4187314257322941,2.001829670916777e-07,35
burbank,isotropic,14,0.4536216056849726,-0.4502378138583432,2.001829670916777e-07,35
burbank,refined,0,0.3460137867817288,0.18280559434352214,4.129137778363656e-07,36
burbank,refined,7,0.10256094327282596,0.04625109315001285,4.129137778363656e-07,36
burbank,refined,14,0.05600381775311211,0.0047873370618940255,4.129137778363656e-07,36
burbank,variable,0,0.34706744944553913,0.18486161195401862,1.8915307009592652e-07,36
burbank,variable,7,0.10383093114975457,0.048374488018554526,1.8915307009592652e-07,36
burbank,variable,14,0.05673787297816797,0.00689455014627165,1.8915307009592652e-07,36
palm_springs,fixed_1,0,1.0652325269494511,0.965893547783055,2.0026845959364437e-07,42
palm_springs,fixed_1,7,0.7949183696908289,0.7717920181713559,2.0026845959364437e-07,42
palm_springs,fixed_1,14,0.7271026331339955,0.7085486653875468,2.0026845959364437e-07,42
palm_springs,fixed_2,0,0.9350297287279201,0.8375802986425794,1.8602850104798563e-07,42
palm_springs,fixed_2,7,0.6705044666200625,0.6532727626735609,1.8602850104798563e-07,42
palm_springs,fixed_2,14,0.6079979828266349,0.5959148564101802,1.8602850104798563e-07,42
palm_springs,fixed_3,0,0.75937863950804,0.6445953636475946,2.1094956537126563e-07,41
palm_springs,fixed_3,7,0.4972199822996375,0.4697975138792557,2.1094956537126563e-07,41
palm_springs,fixed_3,14,0.4411477875062221,0.41882944034308767,2.1094956537126563e-07,41
palm_springs,legacy,0,0.7222979897411463,0.6275080556831333,1.9702929421328008e-07,42
palm_springs,legacy,7,0.4933990065850688,0.47069154554812925,1.9702929421328008e-07,42
palm_springs,legacy,14,0.441615525256723,0.4235687124888184,1.9702929421328008e-07,42
palm_springs,variable,0,0.4035902315833223,0.2089325304235682,2.0155630409135483e-07,42
palm_springs,variable,7,0.11545045309916392,0.048165468369462144,2.0155630409135483e-07,42
palm_springs,variable,14,0.06235663523724816,-0.0003470723124676771,2.0155630409135483e-07,42
burbank,legacy,0,0.8517964645277687,0.7920184944066908,1.9409344531595707e-07,36
burbank,legacy,7,0.683703274437813,0.6646838533554671,1.9409344531595707e-07,36
burbank,legacy,14,0.6384260855938237,0.6220974123615963,1.9409344531595707e-07,36
