category,side,quantity,rms_change,max_change
floor,inside,Ts,0.002685494993614408,0.006364460976726605
floor,inside,cond,0.010747240473374674,0.04734638877534536
floor,inside,conv,0.002850096263475409,0.01481875324477211
floor,inside,rad,0.008370627054191651,0.03531880249251351
floor,outside,Ts,7.307117023149716e-12,1.6711965145077556e-11
floor,outside,cond,0.0007307195666919707,0.0016727234698170612
floor,outside,conv,0.0007307117023149718,0.0016711965145077556
floor,outside,rad,0.0,0.0
partition,inside,Ts,0.00391736742458836,0.010660324089997175
partition,inside,cond,0.002686405493719331,0.011718676913280435
partition,inside,conv,0.001099870986931793,0.006966341475369897
partition,inside,rad,0.0020664941964667286,0.009084504436145793
partition,outside,Ts,0.003918467236365514,0.01130755490419233
partition,outside,cond,0.0039206942257738525,0.018853616371793724
partition,outside,conv,0.0015425221992502304,0.008499743227849743
partition,outside,rad,0.0026736470475194935,0.013207182087807634
roof,inside,Ts,0.006429955400651157,0.022465230643774703
roof,inside,cond,0.012783943708269251,0.05288296449620411
roof,inside,conv,0.002565435908006279,0.012059757014459438
roof,inside,rad,0.010343325467344785,0.04166041635559514
roof,outside,Ts,0.04705873411215909,0.25294315997410877
roof,outside,cond,0.25752617813458994,1.5894361140106739
roof,outside,conv,0.2147232008190101,1.13249294972465
roof,outside,rad,0.1912263006313552,0.9284359080352829
wall,inside,Ts,0.007019231813707805,0.032346030924827573
wall,inside,cond,0.007841722500633107,0.06111726281645069
wall,inside,conv,0.004710724141280634,0.03604807840343538
wall,inside,rad,0.003621328253607579,0.029034875401935167
wall,outside,Ts,0.028708738649479756,0.3803151108892848
wall,outside,cond,0.02873270365046599,0.3164895135539467
wall,outside,conv,0.12561328280742498,1.4441195518960939
wall,outside,rad,0.11907503252383084,1.1277679189211938
