climate,surface_id,time,ep_h_W_m2K,drybulb_C,wetbulb_C
palm_springs,1,2017-08-30 03:30:00,1000.0,30.249837500077337,20.58485180520824
palm_springs,1,2017-08-30 03:45:00,1000.0,30.124837500077337,20.58723848861505
palm_springs,1,2017-08-30 04:00:00,1000.0,29.999837500077337,20.58856480559393
palm_springs,1,2017-08-30 04:15:00,1000.0,29.924837500077338,20.48115569183071
palm_springs,1,2017-08-30 04:30:00,1000.0,29.84983750007734,20.37388829487516
palm_springs,2,2017-08-30 03:30:00,1000.0,30.249837500077337,20.58485180520824
palm_springs,2,2017-08-30 03:45:00,1000.0,30.124837500077337,20.58723848861505
palm_springs,2,2017-08-30 04:00:00,1000.0,29.999837500077337,20.58856480559393
palm_springs,2,2017-08-30 04:15:00,1000.0,29.924837500077338,20.48115569183071
palm_springs,2,2017-08-30 04:30:00,1000.0,29.84983750007734,20.37388829487516
palm_springs,6,2017-08-30 03:30:00,1000.0,30.239925007212275,20.574939312343176
palm_springs,6,2017-08-30 03:45:00,1000.0,30.114925007212275,20.577325995749987
palm_springs,6,2017-08-30 04:00:00,1000.0,29.989925007212275,20.578652312728867
palm_springs,6,2017-08-30 04:15:00,1000.0,29.914925007212275,20.47124319896565
palm_springs,6,2017-08-30 04:30:00,1000.0,29.839925007212276,20.3639758020101
palm_springs,7,2017-08-30 03:30:00,1000.0,30.249837500077337,20.58485180520824
palm_springs,7,2017-08-30 03:45:00,1000.0,30.124837500077337,20.58723848861505
palm_springs,7,2017-08-30 04:00:00,1000.0,29.999837500077337,20.58856480559393
palm_springs,7,2017-08-30 04:15:00,1000.0,29.924837500077338,20.48115569183071
palm_springs,7,2017-08-30 04:30:00,1000.0,29.84983750007734,20.37388829487516
palm_springs,12,2017-08-30 03:30:00,1000.0,30.239925007212275,20.574939312343176
palm_springs,12,2017-08-30 03:45:00,1000.0,30.114925007212275,20.577325995749987
palm_springs,12,2017-08-30 04:00:00,1000.0,29.989925007212275,20.578652312728867
palm_springs,12,2017-08-30 04:15:00,1000.0,29.914925007212275,20.47124319896565
palm_springs,12,2017-08-30 04:30:00,1000.0,29.839925007212276,20.3639758020101
palm_springs,13,2017-08-30 03:30:00,1000.0,30.249837500077337,20.58485180520824
palm_springs,13,2017-08-30 03:45:00,1000.0,30.124837500077337,20.58723848861505
palm_springs,13,2017-08-30 04:00:00,1000.0,29.999837500077337,20.58856480559393
palm_springs,13,2017-08-30 04:15:00,1000.0,29.924837500077338,20.48115569183071
palm_springs,13,2017-08-30 04:30:00,1000.0,29.84983750007734,20.37388829487516
palm_springs,14,2017-08-30 03:30:00,1000.0,30.249837500077337,20.58485180520824
palm_springs,14,2017-08-30 03:45:00,1000.0,30.124837500077337,20.58723848861505
palm_springs,14,2017-08-30 04:00:00,1000.0,29.999837500077337,20.58856480559393
palm_springs,14,2017-08-30 04:15:00,1000.0,29.924837500077338,20.48115569183071
palm_springs,14,2017-08-30 04:30:00,1000.0,29.84983750007734,20.37388829487516
palm_springs,19,2017-08-30 03:30:00,1000.0,30.239925007212275,20.574939312343176
palm_springs,19,2017-08-30 03:45:00,1000.0,30.114925007212275,20.577325995749987
palm_springs,19,2017-08-30 04:00:00,1000.0,29.989925007212275,20.578652312728867
palm_springs,19,2017-08-30 04:15:00,1000.0,29.914925007212275,20.47124319896565
palm_springs,19,2017-08-30 04:30:00,1000.0,29.839925007212276,20.3639758020101
palm_springs,20,2017-08-30 03:30:00,1000.0,30.249837500077337,20.58485180520824
palm_springs,20,2017-08-30 03:45:00,1000.0,30.124837500077337,20.58723848861505
palm_springs,20,2017-08-30 04:00:00,1000.0,29.999837500077337,20.58856480559393
palm_springs,20,2017-08-30 04:15:00,1000.0,29.924837500077338,20.48115569183071
palm_springs,20,2017-08-30 04:30:00,1000.0,29.84983750007734,20.37388829487516
palm_springs,21,2017-08-30 03:30:00,1000.0,30.249837500077337,20.58485180520824
palm_springs,21,2017-08-30 03:45:00,1000.0,30.124837500077337,20.58723848861505
palm_springs,21,2017-08-30 04:00:00,1000.0,29.999837500077337,20.58856480559393
palm_springs,21,2017-08-30 04:15:00,1000.0,29.924837500077338,20.48115569183071
palm_springs,21,2017-08-30 04:30:00,1000.0,29.84983750007734,20.37388829487516
palm_springs,22,2017-08-30 03:30:00,1000.0,30.249837500077337,20.58485180520824
palm_springs,22,2017-08-30 03:45:00,1000.0,30.124837500077337,20.58723848861505
palm_springs,22,2017-08-30 04:00:00,1000.0,29.999837500077337,20.58856480559393
palm_springs,22,2017-08-30 04:15:00,1000.0,29.924837500077338,20.48115569183071
palm_springs,22,2017-08-30 04:30:00,1000.0,29.84983750007734,20.37388829487516
palm_springs,26,2017-08-30 03:30:00,1000.0,30.239925007212275,20.574939312343176
palm_springs,26,2017-08-30 03:45:00,1000.0,30.114925007212275,20.577325995749987
palm_springs,26,2017-08-30 04:00:00,1000.0,29.989925007212275,20.578652312728867
palm_springs,26,2017-08-30 04:15:00,1000.0,29.914925007212275,20.47124319896565
palm_springs,26,2017-08-30 04:30:00,1000.0,29.839925007212276,20.3639758020101
arcata,1,2017-08-20 12:30:00,1000.0,16.999837500077337,16.374149208399608
arcata,1,2017-08-20 12:45:00,1000.0,16.999837500077337,16.374149208399608
arcata,1,2017-08-20 13:00:00,1000.0,16.999837500077337,16.374149208399608
arcata,1,2017-08-20 13:15:00,1000.0,16.999837500077337,16.531905081619687
arcata,1,2017-08-20 16:45:00,1000.0,17.924837500077338,17.739193314015456
arcata,1,2017-08-20 17:00:00,1000.0,17.999837500077337,17.787152955319105
arcata,1,2017-08-20 17:15:00,1000.0,17.999837500077337,17.81382745029769
arcata,1,2017-08-20 17:30:00,1000.0,17.999837500077337,17.84047843432959
arcata,1,2017-08-20 18:15:00,1000.0,17.949837500077336,17.870373887228766
arcata,1,2017-08-20 18:30:00,1000.0,17.899837500077336,17.846954487500913
arcata,1,2017-08-20 18:45:00,1000.0,17.84983750007734,17.823443274494
arcata,1,2017-08-20 19:00:00,1000.0,17.799837500077338,17.799825293046087
arcata,1,2017-08-20 19:15:00,1000.0,17.59983750007734,17.5998283448039
arcata,1,2017-08-20 19:30:00,1000.0,17.399837500077336,17.399831396561712
arcata,1,2017-08-21 00:00:00,1000.0,16.799837500077338,16.799825293046087
arcata,2,2017-08-20 12:30:00,1000.0,16.999837500077337,16.374149208399608
arcata,2,2017-08-20 12:45:00,1000.0,16.999837500077337,16.374149208399608
arcata,2,2017-08-20 13:00:00,1000.0,16.999837500077337,16.374149208399608
arcata,2,2017-08-20 13:15:00,1000.0,16.999837500077337,16.531905081619687
arcata,2,2017-08-20 16:45:00,1000.0,17.924837500077338,17.739193314015456
arcata,2,2017-08-20 17:00:00,1000.0,17.999837500077337,17.787152955319105
arcata,2,2017-08-20 17:15:00,1000.0,17.999837500077337,17.81382745029769
arcata,2,2017-08-20 17:30:00,1000.0,17.999837500077337,17.84047843432959
arcata,2,2017-08-20 18:15:00,1000.0,17.949837500077336,17.870373887228766
arcata,2,2017-08-20 18:30:00,1000.0,17.899837500077336,17.846954487500913
arcata,2,2017-08-20 18:45:00,1000.0,17.84983750007734,17.823443274494
arcata,2,2017-08-20 19:00:00,1000.0,17.799837500077338,17.799825293046087
arcata,2,2017-08-20 19:15:00,1000.0,17.59983750007734,17.5998283448039
arcata,2,2017-08-20 19:30:00,1000.0,17.399837500077336,17.399831396561712
arcata,2,2017-08-21 00:00:00,1000.0,16.799837500077338,16.799825293046087
arcata,6,2017-08-20 12:30:00,1000.0,16.989925007212275,16.364236715534545
arcata,6,2017-08-20 12:45:00,1000.0,16.989925007212275,16.364236715534545
arcata,6,2017-08-20 13:00:00,1000.0,16.989925007212275,16.364236715534545
arcata,6,2017-08-20 13:15:00,1000.0,16.989925007212275,16.521992588754625
arcata,6,2017-08-20 16:45:00,1000.0,17.914925007212275,17.729280821150393
arcata,6,2017-08-20 17:00:00,1000.0,17.989925007212275,17.777240462454042
arcata,6,2017-08-20 17:15:00,1000.0,17.989925007212275,17.803914957432628
arcata,6,2017-08-20 17:30:00,1000.0,17.989925007212275,17.830565941464528
arcata,6,2017-08-20 18:15:00,1000.0,17.939925007212274,17.860461394363703
arcata,6,2017-08-20 18:30:00,1000.0,17.889925007212273,17.83704199463585
arcata,6,2017-08-20 18:45:00,1000.0,17.839925007212276,17.813530781628938
arcata,6,2017-08-20 19:00:00,1000.0,17.789925007212275,17.789912800181025
arcata,6,2017-08-20 19:15:00,1000.0,17.589925007212276,17.589915851938837
arcata,6,2017-08-20 19:30:00,1000.0,17.389925007212273,17.38991890369665
arcata,6,2017-08-21 00:00:00,1000.0,16.789925007212275,16.789912800181025
arcata,7,2017-08-20 12:30:00,1000.0,16.999837500077337,16.374149208399608
arcata,7,2017-08-20 12:45:00,1000.0,16.999837500077337,16.374149208399608
arcata,7,2017-08-20 13:00:00,1000.0,16.999837500077337,16.374149208399608
arcata,7,2017-08-20 13:15:00,1000.0,16.999837500077337,16.531905081619687
arcata,7,2017-08-20 16:45:00,1000.0,17.924837500077338,17.739193314015456
arcata,7,2017-08-20 17:00:00,1000.0,17.999837500077337,17.787152955319105
arcata,7,2017-08-20 17:15:00,1000.0,17.999837500077337,17.81382745029769
arcata,7,2017-08-20 17:30:00,1000.0,17.999837500077337,17.84047843432959
arcata,7,2017-08-20 18:15:00,1000.0,17.949837500077336,17.870373887228766
arcata,7,2017-08-20 18:30:00,1000.0,17.899837500077336,17.846954487500913
arcata,7,2017-08-20 18:45:00,1000.0,17.84983750007734,17.823443274494
arcata,7,2017-08-20 19:00:00,1000.0,17.799837500077338,17.799825293046087
arcata,7,2017-08-20 19:15:00,1000.0,17.59983750007734,17.5998283448039
arcata,7,2017-08-20 19:30:00,1000.0,17.399837500077336,17.399831396561712
arcata,7,2017-08-21 00:00:00,1000.0,16.799837500077338,16.799825293046087
arcata,12,2017-08-20 12:30:00,1000.0,16.989925007212275,16.364236715534545
arcata,12,2017-08-20 12:45:00,1000.0,16.989925007212275,16.364236715534545
arcata,12,2017-08-20 13:00:00,1000.0,16.989925007212275,16.364236715534545
arcata,12,2017-08-20 13:15:00,1000.0,16.989925007212275,16.521992588754625
arcata,12,2017-08-20 16:45:00,1000.0,17.914925007212275,17.729280821150393
arcata,12,2017-08-20 17:00:00,1000.0,17.989925007212275,17.777240462454042
arcata,12,2017-08-20 17:15:00,1000.0,17.989925007212275,17.803914957432628
arcata,12,2017-08-20 17:30:00,1000.0,17.989925007212275,17.830565941464528
arcata,12,2017-08-20 18:15:00,1000.0,17.939925007212274,17.860461394363703
arcata,12,2017-08-20 18:30:00,1000.0,17.889925007212273,17.83704199463585
arcata,12,2017-08-20 18:45:00,1000.0,17.839925007212276,17.813530781628938
arcata,12,2017-08-20 19:00:00,1000.0,17.789925007212275,17.789912800181025
arcata,12,2017-08-20 19:15:00,1000.0,17.589925007212276,17.589915851938837
arcata,12,2017-08-20 19:30:00,1000.0,17.389925007212273,17.38991890369665
arcata,12,2017-08-21 00:00:00,1000.0,16.789925007212275,16.789912800181025
arcata,13,2017-08-20 12:30:00,1000.0,16.999837500077337,16.374149208399608
arcata,13,2017-08-20 12:45:00,1000.0,16.999837500077337,16.374149208399608
arcata,13,2017-08-20 13:00:00,1000.0,16.999837500077337,16.374149208399608
arcata,13,2017-08-20 13:15:00,1000.0,16.999837500077337,16.531905081619687
arcata,13,2017-08-20 16:45:00,1000.0,17.924837500077338,17.739193314015456
arcata,13,2017-08-20 17:00:00,1000.0,17.999837500077337,17.787152955319105
arcata,13,2017-08-20 17:15:00,1000.0,17.999837500077337,17.81382745029769
arcata,13,2017-08-20 17:30:00,1000.0,17.999837500077337,17.84047843432959
arcata,13,2017-08-20 18:15:00,1000.0,17.949837500077336,17.870373887228766
arcata,13,2017-08-20 18:30:00,1000.0,17.899837500077336,17.846954487500913
arcata,13,2017-08-20 18:45:00,1000.0,17.84983750007734,17.823443274494
arcata,13,2017-08-20 19:00:00,1000.0,17.799837500077338,17.799825293046087
arcata,13,2017-08-20 19:15:00,1000.0,17.59983750007734,17.5998283448039
arcata,13,2017-08-20 19:30:00,1000.0,17.399837500077336,17.399831396561712
arcata,13,2017-08-21 00:00:00,1000.0,16.799837500077338,16.799825293046087
arcata,14,2017-08-20 12:30:00,1000.0,16.999837500077337,16.374149208399608
arcata,14,2017-08-20 12:45:00,1000.0,16.999837500077337,16.374149208399608
arcata,14,2017-08-20 13:00:00,1000.0,16.999837500077337,16.374149208399608
arcata,14,2017-08-20 13:15:00,1000.0,16.999837500077337,16.531905081619687
arcata,14,2017-08-20 16:45:00,1000.0,17.924837500077338,17.739193314015456
arcata,14,2017-08-20 17:00:00,1000.0,17.999837500077337,17.787152955319105
arcata,14,2017-08-20 17:15:00,1000.0,17.999837500077337,17.81382745029769
arcata,14,2017-08-20 17:30:00,1000.0,17.999837500077337,17.84047843432959
arcata,14,2017-08-20 18:15:00,1000.0,17.949837500077336,17.870373887228766
arcata,14,2017-08-20 18:30:00,1000.0,17.899837500077336,17.846954487500913
arcata,14,2017-08-20 18:45:00,1000.0,17.84983750007734,17.823443274494
arcata,14,2017-08-20 19:00:00,1000.0,17.799837500077338,17.799825293046087
arcata,14,2017-08-20 19:15:00,1000.0,17.59983750007734,17.5998283448039
arcata,14,2017-08-20 19:30:00,1000.0,17.399837500077336,17.399831396561712
arcata,14,2017-08-21 00:00:00,1000.0,16.799837500077338,16.799825293046087
arcata,19,2017-08-20 12:30:00,1000.0,16.989925007212275,16.364236715534545
arcata,19,2017-08-20 12:45:00,1000.0,16.989925007212275,16.364236715534545
arcata,19,2017-08-20 13:00:00,1000.0,16.989925007212275,16.364236715534545
arcata,19,2017-08-20 13:15:00,1000.0,16.989925007212275,16.521992588754625
arcata,19,2017-08-20 16:45:00,1000.0,17.914925007212275,17.729280821150393
arcata,19,2017-08-20 17:00:00,1000.0,17.989925007212275,17.777240462454042
arcata,19,2017-08-20 17:15:00,1000.0,17.989925007212275,17.803914957432628
arcata,19,2017-08-20 17:30:00,1000.0,17.989925007212275,17.830565941464528
arcata,19,2017-08-20 18:15:00,1000.0,17.939925007212274,17.860461394363703
arcata,19,2017-08-20 18:30:00,1000.0,17.889925007212273,17.83704199463585
arcata,19,2017-08-20 18:45:00,1000.0,17.839925007212276,17.813530781628938
arcata,19,2017-08-20 19:00:00,1000.0,17.789925007212275,17.789912800181025
arcata,19,2017-08-20 19:15:00,1000.0,17.589925007212276,17.589915851938837
arcata,19,2017-08-20 19:30:00,1000.0,17.389925007212273,17.38991890369665
arcata,19,2017-08-21 00:00:00,1000.0,16.789925007212275,16.789912800181025
arcata,20,2017-08-20 12:30:00,1000.0,16.999837500077337,16.374149208399608
arcata,20,2017-08-20 12:45:00,1000.0,16.999837500077337,16.374149208399608
arcata,20,2017-08-20 13:00:00,1000.0,16.999837500077337,16.374149208399608
arcata,20,2017-08-20 13:15:00,1000.0,16.999837500077337,16.531905081619687
arcata,20,2017-08-20 16:45:00,1000.0,17.924837500077338,17.739193314015456
arcata,20,2017-08-20 17:00:00,1000.0,17.999837500077337,17.787152955319105
arcata,20,2017-08-20 17:15:00,1000.0,17.999837500077337,17.81382745029769
arcata,20,2017-08-20 17:30:00,1000.0,17.999837500077337,17.84047843432959
arcata,20,2017-08-20 18:15:00,1000.0,17.949837500077336,17.870373887228766
arcata,20,2017-08-20 18:30:00,1000.0,17.899837500077336,17.846954487500913
arcata,20,2017-08-20 18:45:00,1000.0,17.84983750007734,17.823443274494
arcata,20,2017-08-20 19:00:00,1000.0,17.799837500077338,17.799825293046087
arcata,20,2017-08-20 19:15:00,1000.0,17.59983750007734,17.5998283448039
arcata,20,2017-08-20 19:30:00,1000.0,17.399837500077336,17.399831396561712
arcata,20,2017-08-21 00:00:00,1000.0,16.799837500077338,16.799825293046087
arcata,21,2017-08-20 12:30:00,1000.0,16.999837500077337,16.374149208399608
arcata,21,2017-08-20 12:45:00,1000.0,16.999837500077337,16.374149208399608
arcata,21,2017-08-20 13:00:00,1000.0,16.999837500077337,16.374149208399608
arcata,21,2017-08-20 13:15:00,1000.0,16.999837500077337,16.531905081619687
arcata,21,2017-08-20 16:45:00,1000.0,17.924837500077338,17.739193314015456
arcata,21,2017-08-20 17:00:00,1000.0,17.999837500077337,17.787152955319105
arcata,21,2017-08-20 17:15:00,1000.0,17.999837500077337,17.81382745029769
arcata,21,2017-08-20 17:30:00,1000.0,17.999837500077337,17.84047843432959
arcata,21,2017-08-20 18:15:00,1000.0,17.949837500077336,17.870373887228766
arcata,21,2017-08-20 18:30:00,1000.0,17.899837500077336,17.846954487500913
arcata,21,2017-08-20 18:45:00,1000.0,17.84983750007734,17.823443274494
arcata,21,2017-08-20 19:00:00,1000.0,17.799837500077338,17.799825293046087
arcata,21,2017-08-20 19:15:00,1000.0,17.59983750007734,17.5998283448039
arcata,21,2017-08-20 19:30:00,1000.0,17.399837500077336,17.399831396561712
arcata,21,2017-08-21 00:00:00,1000.0,16.799837500077338,16.799825293046087
arcata,22,2017-08-20 12:30:00,1000.0,16.999837500077337,16.374149208399608
arcata,22,2017-08-20 12:45:00,1000.0,16.999837500077337,16.374149208399608
arcata,22,2017-08-20 13:00:00,1000.0,16.999837500077337,16.374149208399608
arcata,22,2017-08-20 13:15:00,1000.0,16.999837500077337,16.531905081619687
arcata,22,2017-08-20 16:45:00,1000.0,17.924837500077338,17.739193314015456
arcata,22,2017-08-20 17:00:00,1000.0,17.999837500077337,17.787152955319105
arcata,22,2017-08-20 17:15:00,1000.0,17.999837500077337,17.81382745029769
arcata,22,2017-08-20 17:30:00,1000.0,17.999837500077337,17.84047843432959
arcata,22,2017-08-20 18:15:00,1000.0,17.949837500077336,17.870373887228766
arcata,22,2017-08-20 18:30:00,1000.0,17.899837500077336,17.846954487500913
arcata,22,2017-08-20 18:45:00,1000.0,17.84983750007734,17.823443274494
arcata,22,2017-08-20 19:00:00,1000.0,17.799837500077338,17.799825293046087
arcata,22,2017-08-20 19:15:00,1000.0,17.59983750007734,17.5998283448039
arcata,22,2017-08-20 19:30:00,1000.0,17.399837500077336,17.399831396561712
arcata,22,2017-08-21 00:00:00,1000.0,16.799837500077338,16.799825293046087
arcata,26,2017-08-20 12:30:00,1000.0,16.989925007212275,16.364236715534545
arcata,26,2017-08-20 12:45:00,1000.0,16.989925007212275,16.364236715534545
arcata,26,2017-08-20 13:00:00,1000.0,16.989925007212275,16.364236715534545
arcata,26,2017-08-20 13:15:00,1000.0,16.989925007212275,16.521992588754625
arcata,26,2017-08-20 16:45:00,1000.0,17.914925007212275,17.729280821150393
arcata,26,2017-08-20 17:00:00,1000.0,17.989925007212275,17.777240462454042
arcata,26,2017-08-20 17:15:00,1000.0,17.989925007212275,17.803914957432628
arcata,26,2017-08-20 17:30:00,1000.0,17.989925007212275,17.830565941464528
arcata,26,2017-08-20 18:15:00,1000.0,17.939925007212274,17.860461394363703
arcata,26,2017-08-20 18:30:00,1000.0,17.889925007212273,17.83704199463585
arcata,26,2017-08-20 18:45:00,1000.0,17.839925007212276,17.813530781628938
arcata,26,2017-08-20 19:00:00,1000.0,17.789925007212275,17.789912800181025
arcata,26,2017-08-20 19:15:00,1000.0,17.589925007212276,17.589915851938837
arcata,26,2017-08-20 19:30:00,1000.0,17.389925007212273,17.38991890369665
arcata,26,2017-08-21 00:00:00,1000.0,16.789925007212275,16.789912800181025
