surface_id,side,ep_balance_max_W_m2,ep_convection_reconstruction_max_W_m2
1,inside,0.00984570338262536,9.059419880941277e-14
1,outside,0.001982292635059224,4.547473508864641e-13
2,inside,0.009587890031383495,7.482903185973555e-14
2,outside,0.0014020496444686614,5.115907697472721e-13
3,inside,0.010718410797172506,5.1458837191376006e-14
3,outside,0.010380744680202891,4.8711035205428743e-14
4,inside,0.010648030943019027,5.345723863570129e-14
4,outside,0.009370193580712227,4.704570066849101e-14
5,inside,0.0041678821110817665,7.860379014346108e-14
6,inside,0.009542843066834727,6.38378239159465e-14
6,outside,0.0001420497154072109,5.115907697472721e-13
7,inside,0.008585537744195904,7.793765632868599e-14
7,outside,0.0013274881059999188,4.973799150320701e-13
9,inside,0.010308740188653243,4.0641101595184637e-14
9,outside,0.010669878077186112,5.889733145636455e-14
10,inside,0.010059850812666415,5.667688540711424e-14
10,outside,0.009209696931581357,4.324318680914985e-14
11,inside,0.003966673313962943,7.749356711883593e-14
12,inside,0.008650521512945986,6.750155989720952e-14
12,outside,0.00013319927762722727,5.115907697472721e-13
13,inside,0.007943922878365761,6.106226635438361e-14
13,outside,0.0009967531334176272,3.872457909892546e-13
14,inside,0.007992438744808705,9.015010959956271e-14
14,outside,0.0018805788162943315,4.831690603168681e-13
17,inside,0.00951314925896829,4.216071936014032e-14
17,outside,0.010448746658265229,6.45039577307216e-14
18,inside,0.0035507803095535806,7.926992395823618e-14
19,inside,0.00787340888469501,6.561418075534675e-14
19,outside,0.00012365246129775187,5.684341886080801e-13
20,inside,0.009737337174738459,8.43769498715119e-14
20,outside,0.001953758846752862,4.973799150320701e-13
21,inside,0.009642017127542646,6.228351168147128e-14
21,outside,0.001238813444892628,3.694822225952521e-13
22,inside,0.009535963733958486,7.860379014346108e-14
22,outside,0.0016305391715718542,5.115907697472721e-13
25,inside,0.004323972857130265,8.260059303211165e-14
26,inside,0.009738753583369508,6.894484982922222e-14
26,outside,0.00015883432521945906,5.684341886080801e-13
