boundary,side,quantity,rmse,bias,graph_mean,ep_mean,n,timestep_seconds
FL,front,Ts,3.579605517915598,1.9173385778563519,301.1060092459869,299.18867066813056,664,30.0
FL,front,Ta,2.9669742623742246,1.7109194654024753,301.39251768946576,299.6815982240633,664,30.0
FL,front,h,1.0694850836651646,1.030893511397248,2.0,0.9691064886027521,664,30.0
FL,front,cond,6.48916676636125,1.547754901951323,-2.2335135625979454,-3.7812684645492682,664,30.0
FL,front,conv,0.6905495881137638,0.2307526293764127,0.5730168869576914,0.34226425758127876,664,30.0
FL,front,rad,5.968223310775821,-1.7788050241275368,1.6604966756402444,3.439301699767781,664,30.0
OD,front,Ts,2.9794432319984163,1.885290389524136,301.7396787668507,299.85438837732653,664,30.0
OD,front,Ta,2.966974262374221,1.710919465402469,301.39251768946576,299.6815982240633,664,30.0
OD,front,h,1.043321264795558,1.022916472093293,2.0,0.9770835279067069,664,30.0
OD,front,cond,3.125537082852782,0.09389777239143748,1.5379921595563224,1.4440943871648853,664,30.0
OD,front,conv,1.1748152277987904,-0.416801409861623,-0.694322154769875,-0.27752074490825196,664,30.0
OD,front,rad,2.71963001244313,0.32226293899102715,-0.8436700047864463,-1.165932943777473,664,30.0
RF,front,Ts,2.8745412874803593,1.6874447802004313,301.6815106343887,299.9940658541883,664,30.0
RF,front,Ta,2.9669742623742246,1.7109194654024753,301.39251768946576,299.6815982240633,664,30.0
RF,front,h,1.1781372671846344,1.154979581653964,2.0,0.845020418346036,664,30.0
RF,front,cond,1.6394980454334542,-0.36494113034689685,2.0630837027288877,2.4280248330757845,664,30.0
RF,front,conv,0.6661329068866195,-0.3977400666845251,-0.5779858898459252,-0.18024582316140023,664,30.0
RF,front,rad,2.030632969471261,0.7620286472333001,-1.4850978128829706,-2.24712646011627,664,30.0
OD,back,Ts,8.211260668881458,3.407722065932527,307.1230328943952,303.71531082846263,664,30.0
OD,back,Ta,1.2371181149797965,0.12611129510337257,297.3449246987951,297.2188134036918,664,30.0
OD,back,h,2.449811896514092,-2.0234211455101896,2.90269433594678,4.9261154814569705,664,30.0
OD,back,cond,11.718545197094619,-0.5845796622174525,-3.251410610173496,-2.6668309479560444,664,30.0
OD,back,conv,40.43572987118816,11.569218017083632,-31.033243199071652,-42.602461216155284,664,30.0
OD,back,rad,45.17633072803986,-10.98472837384165,34.28465380924517,45.269382183086826,664,30.0
RF,back,Ts,3.978385205738386,2.5630336966262095,312.44622148364203,309.8831877870158,664,30.0
RF,back,Ta,1.238167857179235,0.1360237879684453,297.3449246987951,297.20890091082674,664,30.0
RF,back,h,0.970705926900284,-0.16789261118584872,5.790231957656685,5.958124568842533,664,30.0
RF,back,cond,6.447873989862123,0.18252980576184077,-3.4269512155641753,-3.6094810213260176,664,30.0
RF,back,conv,13.465152961717306,-3.6455140090689784,-111.94340747914576,-108.29789347007681,664,30.0
RF,back,rad,11.678044887602674,3.4629745743816467,115.37035869470996,111.90738412032833,664,30.0
FL,front,Ts,3.5787146621246277,1.9154499114825083,301.1041205796131,299.18867066813056,664,15.0
FL,front,Ta,2.966531972061933,1.7089151241600127,301.39051334822335,299.6815982240633,664,15.0
FL,front,h,1.0694850836651646,1.030893511397248,2.0,0.9691064886027521,664,15.0
FL,front,cond,6.4880986875580025,1.548264522148781,-2.233003942400487,-3.7812684645492682,664,15.0
FL,front,conv,0.6899365021923081,0.23052127963917823,0.572785537220457,0.34226425758127876,664,15.0
FL,front,rad,5.9675347211159995,-1.7790832945877544,1.6602184051800273,3.439301699767781,664,15.0
OD,front,Ts,2.979184154459003,1.883224483827501,301.73761286115405,299.85438837732653,664,15.0
OD,front,Ta,2.966531972061929,1.708915124160007,301.39051334822335,299.6815982240633,664,15.0
OD,front,h,1.043321264795558,1.022916472093293,2.0,0.9770835279067069,664,15.0
OD,front,cond,3.123258851051326,0.09372208883983445,1.5378164760047195,1.4440943871648853,664,15.0
OD,front,conv,1.1745187357164526,-0.41667828095327814,-0.6941990258615302,-0.27752074490825196,664,15.0
OD,front,rad,2.71896834038787,0.32231549363428524,-0.8436174501431879,-1.165932943777473,664,15.0
RF,front,Ts,2.8748467041607486,1.6853978996676757,301.67946375385594,299.9940658541883,664,15.0
RF,front,Ta,2.966531972061933,1.7089151241600127,301.39051334822335,299.6815982240633,664,15.0
RF,front,h,1.1781372671846344,1.154979581653964,2.0,0.845020418346036,664,15.0
RF,front,cond,1.637283890568728,-0.36518487127081717,2.0628399618049675,2.4280248330757845,664,15.0
RF,front,conv,0.6661565073810883,-0.39765498810393796,-0.5779008112653381,-0.18024582316140023,664,15.0
RF,front,rad,2.029790895035955,0.7621873095766426,-1.4849391505396279,-2.24712646011627,664,15.0
OD,back,Ts,8.204176955120458,3.4063077364512124,307.12161856491383,303.71531082846263,664,15.0
OD,back,Ta,1.240005147490405,0.12638990956120655,297.345203313253,297.2188134036918,664,15.0
OD,back,h,2.4497500974078896,-2.02348284438233,2.9026326370746407,4.9261154814569705,664,15.0
OD,back,cond,11.711434441744718,-0.5860760204632038,-3.2529069684192478,-2.6668309479560444,664,15.0
OD,back,conv,40.42485314320625,11.57040166675498,-31.0320595494003,-42.602461216155284,664,15.0
OD,back,rad,45.15065094942675,-10.98441566526725,34.284966517819576,45.269382183086826,664,15.0
RF,back,Ts,3.9661568103608684,2.560964303906991,312.4441520909228,309.8831877870158,664,15.0
RF,back,Ta,1.2410546730386236,0.13630240242627928,297.345203313253,297.20890091082674,664,15.0
RF,back,h,0.9699214194327396,-0.16814579496682752,5.789978773875706,5.958124568842533,664,15.0
RF,back,cond,6.43411514298108,0.1822765055889715,-3.4272045157370457,-3.6094810213260176,664,15.0
RF,back,conv,13.510175087143644,-3.6523416892642153,-111.950235159341,-108.29789347007681,664,15.0
RF,back,rad,11.672344725063654,3.4700555547497665,115.37743967507812,111.90738412032833,664,15.0
FL,front,Ts,3.578269796514614,1.9145053019480727,301.1031759700786,299.18867066813056,664,7.5
FL,front,Ta,2.9663122893422855,1.7079126257970187,301.38951084986036,299.6815982240633,664,7.5
FL,front,h,1.0694850836651646,1.030893511397248,2.0,0.9691064886027521,664,7.5
FL,front,cond,6.48756541883118,1.5485194676417704,-2.232748996907498,-3.7812684645492682,664,7.5
FL,front,conv,0.6896306337747601,0.23040550198206472,0.5726697595633435,0.34226425758127876,664,7.5
FL,front,rad,5.967190513450986,-1.7792224624236213,1.66007923734416,3.439301699767781,664,7.5
OD,front,Ts,2.979056393803071,1.8821910124553964,301.7365793897819,299.85438837732653,664,7.5
OD,front,Ta,2.9663122893422815,1.707912625797013,301.38951084986036,299.6815982240633,664,7.5
OD,front,h,1.043321264795558,1.022916472093293,2.0,0.9770835279067069,664,7.5
OD,front,cond,3.1221216694973055,0.0936338769492148,1.5377282641141,1.4440943871648853,664,7.5
OD,front,conv,1.1743724089011585,-0.4166163349350538,-0.6941370798433057,-0.27752074490825196,664,7.5
OD,front,rad,2.718637929222816,0.32234175950668176,-0.8435911842707917,-1.165932943777473,664,7.5
RF,front,Ts,2.8750017708757705,1.6843740649886552,301.6784399191769,299.9940658541883,664,7.5
RF,front,Ta,2.9663122893422855,1.7079126257970187,301.38951084986036,299.6815982240633,664,7.5
RF,front,h,1.1781372671846344,1.154979581653964,2.0,0.845020418346036,664,7.5
RF,front,cond,1.636182578080873,-0.3653068424327153,2.0627179906430686,2.4280248330757845,664,7.5
RF,front,conv,0.6661707599955695,-0.39761231547187803,-0.5778581386332782,-0.18024582316140023,664,7.5
RF,front,rad,2.029370828185517,0.762266608106482,-1.4848598520097886,-2.24712646011627,664,7.5
OD,back,Ts,8.200650972594563,3.4055992128574566,307.1209100413201,303.71531082846263,664,7.5
OD,back,Ta,1.241449005550515,0.12652921679012044,297.3453426204819,297.2188134036918,664,7.5
OD,back,h,2.4497192398670555,-2.023513628704716,2.902601852752254,4.9261154814569705,664,7.5
OD,back,cond,11.707920060957402,-0.5868235808492769,-3.253654528805321,-2.6668309479560444,664,7.5
OD,back,conv,40.41946504869045,11.570996873402844,-31.031464342752436,-42.602461216155284,664,7.5
OD,back,rad,45.13787735045798,-10.98426331152904,34.28511887155778,45.269382183086826,664,7.5
RF,back,Ts,3.9601258606241596,2.559928651372374,312.4431164383882,309.8831877870158,664,7.5
RF,back,Ta,1.2424984228619738,0.1364417096551932,297.3453426204819,297.20890091082674,664,7.5
RF,back,h,0.9695311010952905,-0.16827220770541568,5.789852361137117,5.958124568842533,664,7.5
RF,back,cond,6.427338556393481,0.18215097688007828,-3.427330044445939,-3.6094810213260176,664,7.5
RF,back,conv,13.533920560640562,-3.655751142826011,-111.9536446129028,-108.29789347007681,664,7.5
RF,back,rad,11.67109809452399,3.473590537020455,115.3809746573488,111.90738412032833,664,7.5
