boundary,side,quantity,rmse,bias,graph_mean,ep_mean,n,solver,stage
FL,front,Ts,6.261133223768359,1.5173253649906713,300.7059960331212,299.18867066813056,664,before,original
FL,front,Ta,5.387012294674327,1.100677872130876,300.78227609619415,299.6815982240633,664,before,original
FL,front,h,1.0694850836651646,1.030893511397248,2.0,0.969106488602752,664,before,original
FL,front,cond,7.379887796547888,2.9547779471673725,-0.826490517381896,-3.781268464549268,664,before,original
FL,front,conv,0.7891419937273961,-0.1897041314354197,0.152560126145859,0.3422642575812787,664,before,original
FL,front,rad,6.625170423740092,-2.765371308531744,0.6739303912360369,3.439301699767781,664,before,original
OD,front,Ts,5.689936096757081,1.2869529065079386,301.1413412838345,299.85438837732653,664,before,original
OD,front,Ta,5.387012294674326,1.10067787213087,300.78227609619415,299.6815982240633,664,before,original
OD,front,h,1.043321264795558,1.022916472093293,2.0,0.9770835279067068,664,before,original
OD,front,cond,6.759601596085556,0.146344584182904,1.590438971347789,1.4440943871648853,664,before,original
OD,front,conv,3.587002667843195,-0.4406096303724237,-0.7181303752806756,-0.2775207449082519,664,before,original
OD,front,rad,3.619904422583213,0.2936243477103614,-0.8723085960671118,-1.165932943777473,664,before,original
RF,front,Ts,5.169292779719999,0.9648384719258996,300.9589043261142,299.9940658541883,664,before,original
RF,front,Ta,5.387012294674327,1.100677872130876,300.78227609619415,299.6815982240633,664,before,original
RF,front,h,1.1781372671846344,1.154979581653964,2.0,0.845020418346036,664,before,original
RF,front,cond,2.2486841935695376,-1.2521168416481876,1.1759079914275967,2.4280248330757845,664,before,original
RF,front,conv,0.6937660835935017,-0.1730106366786571,-0.3532564598400573,-0.1802458231614002,664,before,original
RF,front,rad,2.5350871778447712,1.424474928528732,-0.8226515315875383,-2.24712646011627,664,before,original
OD,back,Ts,6.362760397992287,-0.9742257447678244,302.7410850836948,303.71531082846263,664,before,original
OD,back,Ta,1.2371181149797963,0.1261112951033725,297.3449246987951,297.2188134036918,664,before,original
OD,back,h,2.449811896514092,-2.0234211455101896,2.90269433594678,4.9261154814569705,664,before,original
OD,back,cond,19.02926941659128,-1.3297273983505362,-3.9965583463065792,-2.6668309479560444,664,before,original
OD,back,conv,47.44064177615624,24.293357087231925,-18.30910412892336,-42.60246121615528,664,before,original
OD,back,rad,50.53537787446546,-20.743015218666784,24.52636696442004,45.269382183086826,664,before,original
RF,back,Ts,4.653035301258394,-3.2455634026053306,306.6376243844105,309.8831877870158,664,before,original
RF,back,Ta,1.238167857179235,0.1360237879684453,297.3449246987951,297.20890091082674,664,before,original
RF,back,h,0.970705926900284,-0.1678926111858487,5.790231957656685,5.958124568842533,664,before,original
RF,back,cond,15.440745439179434,-2.2006009346374227,-5.81008195596344,-3.6094810213260176,664,before,original
RF,back,conv,46.75927521225487,28.9557625821696,-79.3421308879072,-108.2978934700768,664,before,original
RF,back,rad,36.73803564033489,-11.19844999555577,100.70893412477258,111.90738412032832,664,before,original
FL,front,Ts,2.545284754971664,-0.0783309290581215,299.11033973907246,299.18867066813056,664,after,wall_only
FL,front,Ta,1.94372154204058,-0.3785333237734579,299.3030649002898,299.6815982240633,664,after,wall_only
FL,front,h,1.0694850836651646,1.030893511397248,2.0,0.969106488602752,664,after,wall_only
FL,front,cond,6.681072461213746,2.292898877943959,-1.4883695866053095,-3.781268464549268,664,after,wall_only
FL,front,conv,0.6532292855906399,0.0431860648534978,0.3854503224347765,0.3422642575812787,664,after,wall_only
FL,front,rad,6.1390039097848685,-2.336382435597255,1.1029192641705263,3.439301699767781,664,after,wall_only
OD,front,Ts,1.8459767397055535,-0.3326589553539092,299.5217294219727,299.85438837732653,664,after,wall_only
OD,front,Ta,1.943721542040581,-0.378533323773464,299.3030649002898,299.6815982240633,664,after,wall_only
OD,front,h,1.043321264795558,1.022916472093293,2.0,0.9770835279067068,664,after,wall_only
OD,front,cond,3.1338835111178525,-0.5223138086988214,0.9217805784660636,1.4440943871648853,664,after,wall_only
OD,front,conv,1.2060500441411688,-0.1598082984573995,-0.4373290433656515,-0.2775207449082519,664,after,wall_only
OD,front,rad,2.7287327510689865,0.6814814086770484,-0.4844515351004249,-1.165932943777473,664,after,wall_only
RF,front,Ts,1.909375427750054,-0.4651166870913603,299.5289491670969,299.9940658541883,664,after,wall_only
RF,front,Ta,1.94372154204058,-0.3785333237734579,299.3030649002898,299.6815982240633,664,after,wall_only
RF,front,h,1.1781372671846344,1.154979581653964,2.0,0.845020418346036,664,after,wall_only
RF,front,cond,1.6118817025777357,-0.8317129128000756,1.596311920275709,2.4280248330757845,664,after,wall_only
RF,front,conv,0.688079949472952,-0.2715227104528056,-0.4517685336142059,-0.1802458231614002,664,after,wall_only
RF,front,rad,2.035330914198199,1.10258307345477,-1.144543386661501,-2.24712646011627,664,after,wall_only
OD,back,Ts,7.603971228027593,-0.6983498800340834,303.0169609484285,303.71531082846263,664,after,wall_only
OD,back,Ta,1.2371181149797963,0.1261112951033725,297.3449246987951,297.2188134036918,664,after,wall_only
OD,back,h,2.449811896514092,-2.0234211455101896,2.90269433594678,4.9261154814569705,664,after,wall_only
OD,back,cond,12.177887103428164,0.5492002021426281,-2.117630745813416,-2.6668309479560444,664,after,wall_only
OD,back,conv,45.5593273077018,23.267281852976893,-19.33517936317839,-42.60246121615528,664,after,wall_only
OD,back,rad,50.05249697771829,-23.81657207409499,21.45281010899183,45.269382183086826,664,after,wall_only
RF,back,Ts,4.3481673906694835,-2.292927929854216,307.59025985716164,309.8831877870158,664,after,wall_only
RF,back,Ta,1.238167857179235,0.1360237879684453,297.3449246987951,297.20890091082674,664,after,wall_only
RF,back,h,0.970705926900284,-0.1678926111858487,5.790231957656685,5.958124568842533,664,after,wall_only
RF,back,cond,7.850728162378173,1.1857971846281443,-2.4236838366978724,-3.6094810213260176,664,after,wall_only
RF,back,conv,24.718072688516138,21.207781325092096,-87.09011214498469,-108.2978934700768,664,after,wall_only
RF,back,rad,24.862153398578844,-22.39358813864573,89.5137959816826,111.90738412032832,664,after,wall_only
FL,front,Ts,3.512766443036184,1.8377885739884892,301.0264592421191,299.18867066813056,664,after,01_radiation
FL,front,Ta,2.901149791602695,1.6295138930050597,301.3111121170683,299.6815982240633,664,after,01_radiation
FL,front,h,1.0694850836651646,1.030893511397248,2.0,0.969106488602752,664,after,01_radiation
FL,front,cond,6.473748312158246,1.5751201461190778,-2.2061483184301904,-3.781268464549268,664,after,01_radiation
FL,front,conv,0.6997462435966508,0.2270414923173142,0.569305749898593,0.3422642575812787,664,after,01_radiation
FL,front,rad,5.951703680269459,-1.8024591312361864,1.6368425685315957,3.439301699767781,664,after,01_radiation
OD,front,Ts,2.9203792014298857,1.8128812743600695,301.66726965168664,299.85438837732653,664,after,01_radiation
OD,front,Ta,2.9011497916026916,1.6295138930050534,301.3111121170683,299.6815982240633,664,after,01_radiation
OD,front,h,1.043321264795558,1.022916472093293,2.0,0.9770835279067068,664,after,01_radiation
OD,front,cond,3.114564032038035,0.1193756710841118,1.563470058248997,1.4440943871648853,664,after,01_radiation
OD,front,conv,1.24419712643632,-0.4347943243283202,-0.7123150692365721,-0.2775207449082519,664,after,01_radiation
OD,front,rad,2.661481859623613,0.3147779547650484,-0.851154989012425,-1.165932943777473,664,after,01_radiation
RF,front,Ts,2.8139969211387323,1.6085899796554564,301.6026558338437,299.9940658541883,664,after,01_radiation
RF,front,Ta,2.901149791602695,1.6295138930050597,301.3111121170683,299.6815982240633,664,after,01_radiation
RF,front,h,1.1781372671846344,1.154979581653964,2.0,0.845020418346036,664,after,01_radiation
RF,front,cond,1.547421968476988,-0.3566040223433596,2.071420810732425,2.4280248330757845,664,after,01_radiation
RF,front,conv,0.701660497008243,-0.4028416103894067,-0.583087433550807,-0.1802458231614002,664,after,01_radiation
RF,front,rad,1.949174441780162,0.7587930829346535,-1.488333377181617,-2.24712646011627,664,after,01_radiation
OD,back,Ts,8.167558919762484,3.389925870544173,307.1052366990068,303.71531082846263,664,after,01_radiation
OD,back,Ta,1.2371181149797963,0.1261112951033725,297.3449246987951,297.2188134036918,664,after,01_radiation
OD,back,h,2.449811896514092,-2.0234211455101896,2.90269433594678,4.9261154814569705,664,after,01_radiation
OD,back,cond,11.782826181949982,-0.6577296480421708,-3.324560595998214,-2.6668309479560444,664,after,01_radiation
OD,back,conv,40.27045186140952,11.525508202874535,-31.07695301328075,-42.60246121615528,664,after,01_radiation
OD,back,rad,44.76429475107349,-10.867868573807833,34.401513609278986,45.269382183086826,664,after,01_radiation
RF,back,Ts,3.8163760871963217,2.504119731561229,312.387307518577,309.8831877870158,664,after,01_radiation
RF,back,Ta,1.238167857179235,0.1360237879684453,297.3449246987951,297.20890091082674,664,after,01_radiation
RF,back,h,0.970705926900284,-0.1678926111858487,5.790231957656685,5.958124568842533,664,after,01_radiation
RF,back,cond,6.643562762095557,0.12977479480873,-3.479706226517288,-3.6094810213260176,664,after,01_radiation
RF,back,conv,14.712849240474814,-4.14665725659916,-112.44455072667596,-108.2978934700768,664,after,01_radiation
RF,back,rad,12.64129795682762,4.016872832864952,115.92425695319326,111.90738412032832,664,after,01_radiation
FL,front,Ts,3.5595126510710258,1.8691045077827129,301.05777517591326,299.18867066813056,664,after,02_partition
FL,front,Ta,2.947999977834805,1.6615519181086706,301.34315014217196,299.6815982240633,664,after,02_partition
FL,front,h,1.0694850836651646,1.030893511397248,2.0,0.969106488602752,664,after,02_partition
FL,front,cond,6.446431043109739,1.5612299815154167,-2.220038483033852,-3.781268464549268,664,after,02_partition
FL,front,conv,0.6989262744171905,0.2284856749360876,0.5707499325173663,0.3422642575812787,664,after,02_partition
FL,front,rad,5.924786207616636,-1.7900131492512974,1.6492885505164838,3.439301699767781,664,after,02_partition
OD,front,Ts,2.958714469117372,1.840524301414602,301.6949126787412,299.85438837732653,664,after,02_partition
OD,front,Ta,2.947999977834801,1.6615519181086649,301.34315014217196,299.6815982240633,664,after,02_partition
OD,front,h,1.043321264795558,1.022916472093293,2.0,0.9770835279067068,664,after,02_partition
OD,front,cond,3.1221162087318186,0.09975591175701,1.543850298921895,1.4440943871648853,664,after,02_partition
OD,front,conv,1.233122477984616,-0.4260043282301628,-0.7035250731384147,-0.2775207449082519,664,after,02_partition
OD,front,rad,2.6730952452494825,0.3256077179939914,-0.8403252257834821,-1.165932943777473,664,after,02_partition
RF,front,Ts,2.8597567593317827,1.6395130668056153,301.63357892099395,299.9940658541883,664,after,02_partition
RF,front,Ta,2.947999977834805,1.6615519181086706,301.34315014217196,299.6815982240633,664,after,02_partition
RF,front,h,1.1781372671846344,1.154979581653964,2.0,0.845020418346036,664,after,02_partition
RF,front,cond,1.5803487839350303,-0.3731897452938496,2.054835087781935,2.4280248330757845,664,after,02_partition
RF,front,conv,0.697858808427826,-0.4006117344824962,-0.5808575576438963,-0.1802458231614002,664,after,02_partition
RF,front,rad,1.985155137297978,0.7731489299782273,-1.4739775301380436,-2.24712646011627,664,after,02_partition
OD,back,Ts,8.16702820220444,3.391361412622365,307.106672241085,303.71531082846263,664,after,02_partition
OD,back,Ta,1.2371181149797963,0.1261112951033725,297.3449246987951,297.2188134036918,664,after,02_partition
OD,back,h,2.449811896514092,-2.0234211455101896,2.90269433594678,4.9261154814569705,664,after,02_partition
OD,back,cond,11.788799843395878,-0.6456489562077083,-3.3124799041637516,-2.6668309479560444,664,after,02_partition
OD,back,conv,40.26792148980139,11.521167726668338,-31.08129348948695,-42.60246121615528,664,after,02_partition
OD,back,rad,44.76968163285493,-10.875608789436097,34.39377339365072,45.269382183086826,664,after,02_partition
RF,back,Ts,3.816418500393107,2.5048187184382935,312.3880065054541,309.8831877870158,664,after,02_partition
RF,back,Ta,1.238167857179235,0.1360237879684453,297.3449246987951,297.20890091082674,664,after,02_partition
RF,back,h,0.970705926900284,-0.1678926111858487,5.790231957656685,5.958124568842533,664,after,02_partition
RF,back,cond,6.647266117647894,0.1379232443895348,-3.4715577769364825,-3.6094810213260176,664,after,02_partition
RF,back,conv,14.716127571926627,-4.151045650680539,-112.44893912075732,-108.2978934700768,664,after,02_partition
RF,back,rad,12.63890206981405,4.0131127773655235,115.92049689769384,111.90738412032832,664,after,02_partition
FL,front,Ts,3.563751394164708,1.8748347206093097,301.0635053887399,299.18867066813056,664,after,03_volumes
FL,front,Ta,2.951754985178596,1.6691697368917715,301.35076796095507,299.6815982240633,664,after,03_volumes
FL,front,h,1.0694850836651646,1.030893511397248,2.0,0.969106488602752,664,after,03_volumes
FL,front,cond,6.449670225822779,1.5587412336397226,-2.2225272309095456,-3.781268464549268,664,after,03_volumes
FL,front,conv,0.7002188417904339,0.232260886849094,0.5745251444303728,0.3422642575812787,664,after,03_volumes
FL,front,rad,5.927606085735647,-1.79129961328861,1.6480020864791711,3.439301699767781,664,after,03_volumes
OD,front,Ts,2.958610487952409,1.8461077755563704,301.700496152883,299.85438837732653,664,after,03_volumes
OD,front,Ta,2.9517549851785914,1.6691697368917655,301.35076796095507,299.6815982240633,664,after,03_volumes
OD,front,h,1.043321264795558,1.022916472093293,2.0,0.9770835279067068,664,after,03_volumes
OD,front,cond,3.104482561367919,0.095823012830492,1.5399173999953772,1.4440943871648853,664,after,03_volumes
OD,front,conv,1.2114895159189805,-0.4219356389474938,-0.6994563838557457,-0.2775207449082519,664,after,03_volumes
OD,front,rad,2.670212888771033,0.3254719276378526,-0.8404610161396208,-1.165932943777473,664,after,03_volumes
RF,front,Ts,2.861399441435709,1.64510605538367,301.639171909572,299.9940658541883,664,after,03_volumes
RF,front,Ta,2.951754985178596,1.6691697368917715,301.35076796095507,299.6815982240633,664,after,03_volumes
RF,front,h,1.1781372671846344,1.154979581653964,2.0,0.845020418346036,664,after,03_volumes
RF,front,cond,1.5745793704883784,-0.3761471934824427,2.0518776395933416,2.4280248330757845,664,after,03_volumes
RF,front,conv,0.6790438618664754,-0.3965620740724078,-0.5768078972338081,-0.1802458231614002,664,after,03_volumes
RF,front,rad,1.9852600984298032,0.7720567177567347,-1.4750697423595358,-2.24712646011627,664,after,03_volumes
OD,back,Ts,8.165650967389173,3.391623549088182,307.1069343775508,303.71531082846263,664,after,03_volumes
OD,back,Ta,1.2371181149797963,0.1261112951033725,297.3449246987951,297.2188134036918,664,after,03_volumes
OD,back,h,2.449811896514092,-2.0234211455101896,2.90269433594678,4.9261154814569705,664,after,03_volumes
OD,back,cond,11.79617833624523,-0.6431963462003909,-3.310027294156435,-2.6668309479560444,664,after,03_volumes
OD,back,conv,40.26126725668925,11.520270532398678,-31.082190683756604,-42.60246121615528,664,after,03_volumes
OD,back,rad,44.782960280832405,-10.877164205173756,34.39221797791306,45.269382183086826,664,after,03_volumes
RF,back,Ts,3.816458108715908,2.5049245122207533,312.3881122992366,309.8831877870158,664,after,03_volumes
RF,back,Ta,1.238167857179235,0.1360237879684453,297.3449246987951,297.20890091082674,664,after,03_volumes
RF,back,h,0.970705926900284,-0.1678926111858487,5.790231957656685,5.958124568842533,664,after,03_volumes
RF,back,cond,6.647780872326887,0.1394033186091501,-3.470077702716867,-3.6094810213260176,664,after,03_volumes
RF,back,conv,14.716851867126817,-4.151862325157973,-112.4497557952348,-108.2978934700768,664,after,03_volumes
RF,back,rad,12.63829052372984,4.012449377623346,115.91983349795169,111.90738412032832,664,after,03_volumes
FL,front,Ts,3.563751394164708,1.8748347206093097,301.0635053887399,299.18867066813056,664,after,04_geometry
FL,front,Ta,2.951754985178596,1.6691697368917715,301.35076796095507,299.6815982240633,664,after,04_geometry
FL,front,h,1.0694850836651646,1.030893511397248,2.0,0.969106488602752,664,after,04_geometry
FL,front,cond,6.449670225822779,1.5587412336397226,-2.2225272309095456,-3.781268464549268,664,after,04_geometry
FL,front,conv,0.7002188417904339,0.232260886849094,0.5745251444303728,0.3422642575812787,664,after,04_geometry
FL,front,rad,5.927606085735647,-1.79129961328861,1.6480020864791711,3.439301699767781,664,after,04_geometry
OD,front,Ts,2.958610487952409,1.8461077755563704,301.700496152883,299.85438837732653,664,after,04_geometry
OD,front,Ta,2.9517549851785914,1.6691697368917655,301.35076796095507,299.6815982240633,664,after,04_geometry
OD,front,h,1.043321264795558,1.022916472093293,2.0,0.9770835279067068,664,after,04_geometry
OD,front,cond,3.104482561367919,0.095823012830492,1.5399173999953772,1.4440943871648853,664,after,04_geometry
OD,front,conv,1.2114895159189805,-0.4219356389474938,-0.6994563838557457,-0.2775207449082519,664,after,04_geometry
OD,front,rad,2.670212888771033,0.3254719276378526,-0.8404610161396208,-1.165932943777473,664,after,04_geometry
RF,front,Ts,2.861399441435709,1.64510605538367,301.639171909572,299.9940658541883,664,after,04_geometry
RF,front,Ta,2.951754985178596,1.6691697368917715,301.35076796095507,299.6815982240633,664,after,04_geometry
RF,front,h,1.1781372671846344,1.154979581653964,2.0,0.845020418346036,664,after,04_geometry
RF,front,cond,1.5745793704883784,-0.3761471934824427,2.0518776395933416,2.4280248330757845,664,after,04_geometry
RF,front,conv,0.6790438618664754,-0.3965620740724078,-0.5768078972338081,-0.1802458231614002,664,after,04_geometry
RF,front,rad,1.9852600984298032,0.7720567177567347,-1.4750697423595358,-2.24712646011627,664,after,04_geometry
OD,back,Ts,8.165650967389173,3.391623549088182,307.1069343775508,303.71531082846263,664,after,04_geometry
OD,back,Ta,1.2371181149797963,0.1261112951033725,297.3449246987951,297.2188134036918,664,after,04_geometry
OD,back,h,2.449811896514092,-2.0234211455101896,2.90269433594678,4.9261154814569705,664,after,04_geometry
OD,back,cond,11.79617833624523,-0.6431963462003909,-3.310027294156435,-2.6668309479560444,664,after,04_geometry
OD,back,conv,40.26126725668925,11.520270532398678,-31.082190683756604,-42.60246121615528,664,after,04_geometry
OD,back,rad,44.782960280832405,-10.877164205173756,34.39221797791306,45.269382183086826,664,after,04_geometry
RF,back,Ts,3.816458108715908,2.5049245122207533,312.3881122992366,309.8831877870158,664,after,04_geometry
RF,back,Ta,1.238167857179235,0.1360237879684453,297.3449246987951,297.20890091082674,664,after,04_geometry
RF,back,h,0.970705926900284,-0.1678926111858487,5.790231957656685,5.958124568842533,664,after,04_geometry
RF,back,cond,6.647780872326887,0.1394033186091501,-3.470077702716867,-3.6094810213260176,664,after,04_geometry
RF,back,conv,14.716851867126817,-4.151862325157973,-112.4497557952348,-108.2978934700768,664,after,04_geometry
RF,back,rad,12.63829052372984,4.012449377623346,115.91983349795169,111.90738412032832,664,after,04_geometry
FL,front,Ts,3.579605517915639,1.9173385778564056,301.10600924598697,299.18867066813056,664,after,05_coupling
FL,front,Ta,2.9669742623742574,1.710919465402524,301.3925176894659,299.6815982240633,664,after,05_coupling
FL,front,h,1.0694850836651646,1.030893511397248,2.0,0.969106488602752,664,after,05_coupling
FL,front,cond,6.489166766361245,1.5477549019513517,-2.233513562597917,-3.781268464549268,664,after,05_coupling
FL,front,conv,0.6905495881137598,0.2307526293764049,0.5730168869576836,0.3422642575812787,664,after,05_coupling
FL,front,rad,5.968223310775816,-1.7788050241275564,1.6604966756402253,3.439301699767781,664,after,05_coupling
OD,front,Ts,2.9794432319984447,1.8852903895241753,301.7396787668507,299.85438837732653,664,after,05_coupling
OD,front,Ta,2.9669742623742534,1.7109194654025175,301.3925176894659,299.6815982240633,664,after,05_coupling
OD,front,h,1.043321264795558,1.022916472093293,2.0,0.9770835279067068,664,after,05_coupling
OD,front,cond,3.125537082852768,0.093897772391387,1.537992159556272,1.4440943871648853,664,after,05_coupling
OD,front,conv,1.1748152277987824,-0.4168014098616033,-0.6943221547698553,-0.2775207449082519,664,after,05_coupling
OD,front,rad,2.719630012443121,0.3222629389910543,-0.8436700047864191,-1.165932943777473,664,after,05_coupling
RF,front,Ts,2.8745412874803957,1.687444780200482,301.6815106343888,299.9940658541883,664,after,05_coupling
RF,front,Ta,2.9669742623742574,1.710919465402524,301.3925176894659,299.6815982240633,664,after,05_coupling
RF,front,h,1.1781372671846344,1.154979581653964,2.0,0.845020418346036,664,after,05_coupling
RF,front,cond,1.6394980454334451,-0.3649411303468856,2.063083702728899,2.4280248330757845,664,after,05_coupling
RF,front,conv,0.6661329068866152,-0.3977400666845267,-0.5779858898459269,-0.1802458231614002,664,after,05_coupling
RF,front,rad,2.0306329694712653,0.7620286472332938,-1.4850978128829766,-2.24712646011627,664,after,05_coupling
OD,back,Ts,8.211260668881458,3.4077220659325307,307.1230328943952,303.71531082846263,664,after,05_coupling
OD,back,Ta,1.2371181149797963,0.1261112951033725,297.3449246987951,297.2188134036918,664,after,05_coupling
OD,back,h,2.449811896514092,-2.0234211455101896,2.90269433594678,4.9261154814569705,664,after,05_coupling
OD,back,cond,11.718545197094643,-0.5845796622174202,-3.251410610173464,-2.6668309479560444,664,after,05_coupling
OD,back,conv,40.43572987118815,11.56921801708362,-31.033243199071663,-42.60246121615528,664,after,05_coupling
OD,back,rad,45.17633072803988,-10.984728373841673,34.28465380924515,45.269382183086826,664,after,05_coupling
RF,back,Ts,3.978385205738386,2.56303369662621,312.44622148364203,309.8831877870158,664,after,05_coupling
RF,back,Ta,1.238167857179235,0.1360237879684453,297.3449246987951,297.20890091082674,664,after,05_coupling
RF,back,h,0.970705926900284,-0.1678926111858487,5.790231957656685,5.958124568842533,664,after,05_coupling
RF,back,cond,6.447873989862125,0.1825298057618427,-3.426951215564173,-3.6094810213260176,664,after,05_coupling
RF,back,conv,13.465152961717308,-3.645514009068979,-111.94340747914576,-108.2978934700768,664,after,05_coupling
RF,back,rad,11.678044887602674,3.462974574381646,115.37035869470996,111.90738412032832,664,after,05_coupling
FL,front,Ts,3.579605517915639,1.9173385778564056,301.10600924598697,299.18867066813056,664,after,06_final
FL,front,Ta,2.9669742623742574,1.710919465402524,301.3925176894659,299.6815982240633,664,after,06_final
FL,front,h,1.0694850836651646,1.030893511397248,2.0,0.969106488602752,664,after,06_final
FL,front,cond,6.489166766361245,1.5477549019513517,-2.233513562597917,-3.781268464549268,664,after,06_final
FL,front,conv,0.6905495881137598,0.2307526293764049,0.5730168869576836,0.3422642575812787,664,after,06_final
FL,front,rad,5.968223310775816,-1.7788050241275564,1.6604966756402253,3.439301699767781,664,after,06_final
OD,front,Ts,2.9794432319984447,1.8852903895241753,301.7396787668507,299.85438837732653,664,after,06_final
OD,front,Ta,2.9669742623742534,1.7109194654025175,301.3925176894659,299.6815982240633,664,after,06_final
OD,front,h,1.043321264795558,1.022916472093293,2.0,0.9770835279067068,664,after,06_final
OD,front,cond,3.125537082852768,0.093897772391387,1.537992159556272,1.4440943871648853,664,after,06_final
OD,front,conv,1.1748152277987824,-0.4168014098616033,-0.6943221547698553,-0.2775207449082519,664,after,06_final
OD,front,rad,2.719630012443121,0.3222629389910543,-0.8436700047864191,-1.165932943777473,664,after,06_final
RF,front,Ts,2.8745412874803957,1.687444780200482,301.6815106343888,299.9940658541883,664,after,06_final
RF,front,Ta,2.9669742623742574,1.710919465402524,301.3925176894659,299.6815982240633,664,after,06_final
RF,front,h,1.1781372671846344,1.154979581653964,2.0,0.845020418346036,664,after,06_final
RF,front,cond,1.6394980454334451,-0.3649411303468856,2.063083702728899,2.4280248330757845,664,after,06_final
RF,front,conv,0.6661329068866152,-0.3977400666845267,-0.5779858898459269,-0.1802458231614002,664,after,06_final
RF,front,rad,2.0306329694712653,0.7620286472332938,-1.4850978128829766,-2.24712646011627,664,after,06_final
OD,back,Ts,8.211260668881458,3.4077220659325307,307.1230328943952,303.71531082846263,664,after,06_final
OD,back,Ta,1.2371181149797963,0.1261112951033725,297.3449246987951,297.2188134036918,664,after,06_final
OD,back,h,2.449811896514092,-2.0234211455101896,2.90269433594678,4.9261154814569705,664,after,06_final
OD,back,cond,11.718545197094643,-0.5845796622174202,-3.251410610173464,-2.6668309479560444,664,after,06_final
OD,back,conv,40.43572987118815,11.56921801708362,-31.033243199071663,-42.60246121615528,664,after,06_final
OD,back,rad,45.17633072803988,-10.984728373841673,34.28465380924515,45.269382183086826,664,after,06_final
RF,back,Ts,3.978385205738386,2.56303369662621,312.44622148364203,309.8831877870158,664,after,06_final
RF,back,Ta,1.238167857179235,0.1360237879684453,297.3449246987951,297.20890091082674,664,after,06_final
RF,back,h,0.970705926900284,-0.1678926111858487,5.790231957656685,5.958124568842533,664,after,06_final
RF,back,cond,6.447873989862125,0.1825298057618427,-3.426951215564173,-3.6094810213260176,664,after,06_final
RF,back,conv,13.465152961717308,-3.645514009068979,-111.94340747914576,-108.2978934700768,664,after,06_final
RF,back,rad,11.678044887602674,3.462974574381646,115.37035869470996,111.90738412032832,664,after,06_final
