mode,category,side,quantity,unit,rmse,bias,max_abs,samples
dirichlet,floor,inside,cond,W/m2,0.5008488571178182,0.0013931755983911476,1.2965066807654786,9216
dirichlet,floor,outside,cond,W/m2,0.0022925471101685577,-2.5369967335691143e-05,0.005549268157254872,9216
dirichlet,partition,inside,cond,W/m2,0.0023002959780603826,-1.900066914570113e-06,0.009559523822169,11520
dirichlet,partition,outside,cond,W/m2,0.0018920488078725203,2.3666871490076335e-06,0.007022567029510096,11520
dirichlet,roof,inside,cond,W/m2,0.0072894214438091395,4.6260818219236205e-06,0.030065470490479917,9216
dirichlet,roof,outside,cond,W/m2,0.07903980249624229,-2.1704857712559825e-05,0.6226600384775693,9216
dirichlet,wall,inside,cond,W/m2,0.014579206576772303,-2.400137958996203e-06,0.16977162073564322,18432
dirichlet,wall,outside,cond,W/m2,0.048357558486788535,7.992999640341131e-06,0.9262983763165664,18432
robin_linear,floor,inside,Ts,K,0.05649414726803723,0.026370037449409918,0.2315765994221124,9216
robin_linear,floor,inside,cond,W/m2,0.0618021188548752,0.029165752349322418,0.2765153337039621,9216
robin_linear,floor,outside,cond,W/m2,0.015731604339189808,0.00814832078797723,0.06431643945367815,9216
robin_linear,partition,inside,Ts,K,0.013325749255111026,-0.0011643154747873524,0.031745980301820964,11520
robin_linear,partition,inside,cond,W/m2,0.012317193046021854,8.411915997812368e-05,0.03295124905924851,11520
robin_linear,partition,outside,Ts,K,0.013164890338912851,-0.0011208903846382018,0.03060595303441005,11520
robin_linear,partition,outside,cond,W/m2,0.013004573977630956,-0.0001654373590684291,0.03848965766984325,11520
robin_linear,roof,inside,Ts,K,0.020133724874334215,-0.0014524703045057273,0.06015345662609661,9216
robin_linear,roof,inside,cond,W/m2,0.016931613790526205,-0.0019344241246102695,0.07643326726091981,9216
robin_linear,roof,outside,Ts,K,0.07003486935000099,-0.00880959716364914,0.5828486362805165,9216
robin_linear,roof,outside,cond,W/m2,0.24694903164580945,0.013584964563812472,1.498147512297848,9216
robin_linear,wall,inside,Ts,K,0.022194732011567304,-0.0035864443384311393,0.1450950773591444,18432
robin_linear,wall,inside,cond,W/m2,0.02449352289145308,-0.0015498341911688242,0.15088588278584325,18432
robin_linear,wall,outside,Ts,K,0.0973538893900551,-0.0069221015969034945,2.039230458619329,18432
robin_linear,wall,outside,cond,W/m2,0.372451354671174,0.005261490868285898,3.942350307254685,18432
