mode,category,surface_id,side,quantity,unit,rmse,bias,max_abs,samples
dirichlet,floor,5,inside,cond,W/m2,0.5626581716710757,0.0015489268138030503,1.187152305106359,2304
dirichlet,floor,5,outside,cond,W/m2,0.0025807696481957455,-1.7643268471685913e-05,0.005549268157254872,2304
dirichlet,floor,11,inside,cond,W/m2,0.4324277009624774,0.0013934939753934387,1.0163803403090288,2304
dirichlet,floor,11,outside,cond,W/m2,0.0019796965106795993,-9.132368009890546e-06,0.0040777524839534784,2304
dirichlet,floor,18,inside,cond,W/m2,0.45746084420027405,0.0013414363497770625,0.993791958661081,2304
dirichlet,floor,18,outside,cond,W/m2,0.002126849464352069,-2.6924949426704622e-05,0.00450488512256042,2304
dirichlet,floor,25,inside,cond,W/m2,0.5398975288869925,0.001366880050798139,1.2965066807654786,2304
dirichlet,floor,25,outside,cond,W/m2,0.002440090774395339,-3.579713433958057e-05,0.004827405550972053,2304
dirichlet,partition,3,inside,cond,W/m2,0.002063441621948837,4.102657777594257e-06,0.0051693777417933795,2304
dirichlet,partition,3,outside,cond,W/m2,0.0019353316251435008,-3.686668201231121e-06,0.006452187033218149,2304
dirichlet,partition,4,inside,cond,W/m2,0.0013443752814398238,-1.4286931483429985e-07,0.0026160867032292145,2304
dirichlet,partition,4,outside,cond,W/m2,0.0014833253466528973,7.61142684223333e-07,0.004076072913795414,2304
dirichlet,partition,9,inside,cond,W/m2,0.0030119911215618004,-6.87168606517876e-06,0.009559523822169,2304
dirichlet,partition,9,outside,cond,W/m2,0.0021282919822065345,7.218632914296679e-06,0.007022567029510096,2304
dirichlet,partition,10,inside,cond,W/m2,0.0011907533819916986,-4.028367405920971e-06,0.004137341201966738,2304
dirichlet,partition,10,outside,cond,W/m2,0.0013704965502887223,4.426039582976321e-06,0.0034532387742017973,2304
dirichlet,partition,17,inside,cond,W/m2,0.0031466947064777086,-2.560069564510776e-06,0.008557042482829291,2304
dirichlet,partition,17,outside,cond,W/m2,0.0023549083459187318,3.1142887647729357e-06,0.006229884464763469,2304
dirichlet,roof,6,inside,cond,W/m2,0.006709851619713937,4.910305277795524e-06,0.027482146496931925,2304
dirichlet,roof,6,outside,cond,W/m2,0.07901842067139496,-2.1644193012086987e-05,0.6226600384775693,2304
dirichlet,roof,12,inside,cond,W/m2,0.0069595245976013876,4.042754480265357e-06,0.027601715433156926,2304
dirichlet,roof,12,outside,cond,W/m2,0.07903114725545529,-2.1923631070980903e-05,0.6226524015164401,2304
dirichlet,roof,19,inside,cond,W/m2,0.006871333212905904,4.818151563427173e-06,0.0285247062460785,2304
dirichlet,roof,19,outside,cond,W/m2,0.07902512970074001,-2.170432935209194e-05,0.6225965502803561,2304
dirichlet,roof,26,inside,cond,W/m2,0.008090934998009287,4.583564023313262e-06,0.030065470490479917,2304
dirichlet,roof,26,outside,cond,W/m2,0.07906948520610647,-2.1626331744053448e-05,0.6224188912246333,2304
dirichlet,wall,1,inside,cond,W/m2,0.01797497236072562,-2.2935492798499724e-06,0.11026957569476714,2304
dirichlet,wall,1,outside,cond,W/m2,0.0590890384753173,8.786581550678817e-06,0.4080967966102804,2304
dirichlet,wall,2,inside,cond,W/m2,0.00930660365787622,-2.7043167360200233e-06,0.04268923015176718,2304
dirichlet,wall,2,outside,cond,W/m2,0.02002112940482546,7.517257720839883e-06,0.12332282950350049,2304
dirichlet,wall,7,inside,cond,W/m2,0.009191503637374861,-3.675484969288595e-06,0.042658195742097504,2304
dirichlet,wall,7,outside,cond,W/m2,0.020066324403160647,7.872544990225219e-06,0.12326082654373494,2304
dirichlet,wall,13,inside,cond,W/m2,0.008335480717249669,-2.2660127506935555e-06,0.05917168449280297,2304
dirichlet,wall,13,outside,cond,W/m2,0.030866580391535448,8.680709700251078e-06,0.31954223864950393,2304
dirichlet,wall,14,inside,cond,W/m2,0.0179482089737843,-2.17515458642862e-06,0.11030088494054979,2304
dirichlet,wall,14,outside,cond,W/m2,0.059108805041646784,8.678266758954262e-06,0.40792843219811914,2304
dirichlet,wall,20,inside,cond,W/m2,0.02260743282421145,-2.3026289838421998e-06,0.16977162073564322,2304
dirichlet,wall,20,outside,cond,W/m2,0.07852144618012379,7.140570390936283e-06,0.9262983763165664,2304
dirichlet,wall,21,inside,cond,W/m2,0.008198712378604252,-1.800395383106771e-06,0.059290605562283716,2304
dirichlet,wall,21,outside,cond,W/m2,0.030870725099075107,8.33917946908412e-06,0.31951678225838265,2304
dirichlet,wall,22,inside,cond,W/m2,0.008990372436169033,-2.2151951661965367e-06,0.041584975744457686,2304
dirichlet,wall,22,outside,cond,W/m2,0.02014790485961448,7.093605731253971e-06,0.12356872303325162,2304
robin_linear,floor,5,inside,Ts,K,0.051791270165416736,0.021633014501583257,0.1852068153141886,2304
robin_linear,floor,5,inside,cond,W/m2,0.060266517048690196,0.026368993515231587,0.2466229293026192,2304
robin_linear,floor,5,outside,cond,W/m2,0.013593655948316958,0.006721680411575082,0.04941140733789551,2304
robin_linear,floor,11,inside,Ts,K,0.06406175300687886,0.033062706647730575,0.2315765994221124,2304
robin_linear,floor,11,inside,cond,W/m2,0.06528707098532847,0.033092097413862605,0.2765153337039621,2304
robin_linear,floor,11,outside,cond,W/m2,0.01860831782857214,0.010187951664069142,0.06431643945367815,2304
robin_linear,floor,18,inside,Ts,K,0.057982201852872936,0.028445603317292154,0.21165345654020484,2304
robin_linear,floor,18,inside,cond,W/m2,0.06168813791514223,0.030108535187572814,0.26312140513625604,2304
robin_linear,floor,18,outside,cond,W/m2,0.016468795719382,0.008770392262463534,0.05794689971577993,2304
robin_linear,floor,25,inside,Ts,K,0.0531009261980426,0.02331664845628069,0.19195563479718203,2304
robin_linear,floor,25,inside,cond,W/m2,0.06087570917785733,0.02765817639584735,0.25759066162755406,2304
robin_linear,floor,25,outside,cond,W/m2,0.014342259430875168,0.007219754063646043,0.05225504257329705,2304
robin_linear,partition,3,inside,Ts,K,0.013690994213685895,-0.0019436464639287125,0.031143148658884456,2304
robin_linear,partition,3,inside,cond,W/m2,0.013748421179255172,-0.00019214659665895477,0.03295124905924851,2304
robin_linear,partition,3,outside,Ts,K,0.013224008463011519,-0.0019765827680367186,0.03060595303441005,2304
robin_linear,partition,3,outside,cond,W/m2,0.013678584356513326,6.433627025894135e-05,0.03160842916601947,2304
robin_linear,partition,4,inside,Ts,K,0.013940019833742746,-0.0017523235498914471,0.031745980301820964,2304
robin_linear,partition,4,inside,cond,W/m2,0.01415403613207283,-0.0004116400064328404,0.032524270444919345,2304
robin_linear,partition,4,outside,Ts,K,0.013729854516432499,-0.0018601894462408404,0.03010696775749011,2304
robin_linear,partition,4,outside,cond,W/m2,0.012412381876959625,0.0003126032253597281,0.03006620650595826,2304
robin_linear,partition,9,inside,Ts,K,0.013371583956562396,-0.0008637351108963367,0.031230567426518974,2304
robin_linear,partition,9,inside,cond,W/m2,0.010690779368623457,0.0009680708138634348,0.02555652546312509,2304
robin_linear,partition,9,outside,Ts,K,0.013194203216694421,-0.000526927525772436,0.029148108155766295,2304
robin_linear,partition,9,outside,cond,W/m2,0.013967684225008102,-0.0010471877607737916,0.03848965766984325,2304
robin_linear,partition,10,inside,Ts,K,0.012169952454943825,-0.0009520637155088589,0.02733034476676721,2304
robin_linear,partition,10,inside,cond,W/m2,0.012087341766119794,-0.00033431380138715134,0.030379425639998292,2304
robin_linear,partition,10,outside,Ts,K,0.012455446490253368,-0.0010547044188046319,0.02824940383095509,2304
robin_linear,partition,10,outside,cond,W/m2,0.010220958063077715,0.0002920682221676607,0.02268216879237639,2304
robin_linear,partition,17,inside,Ts,K,0.013386690788359471,-0.00030980853371140625,0.03087803119012733,2304
robin_linear,partition,17,inside,cond,W/m2,0.0104313855472349,0.0003906253905061303,0.025275104606535405,2304
robin_linear,partition,17,outside,Ts,K,0.0131895124061054,-0.00018604776433638217,0.029598561029445136,2304
robin_linear,partition,17,outside,cond,W/m2,0.014312918692702785,-0.0004490067523546844,0.03648155595118885,2304
robin_linear,roof,6,inside,Ts,K,0.021394833750327646,-0.0010875117388016412,0.05990901566690354,2304
robin_linear,roof,6,inside,cond,W/m2,0.016789211392700787,-0.002029554110347222,0.05837009445280961,2304
robin_linear,roof,6,outside,Ts,K,0.07001315133426066,-0.00877896200873766,0.5827483098682933,2304
robin_linear,roof,6,outside,cond,W/m2,0.24662022346306675,0.013675861921140238,1.4970108438777459,2304
robin_linear,roof,12,inside,Ts,K,0.019619571398762244,-0.0019979497970724746,0.05813536761365867,2304
robin_linear,roof,12,inside,cond,W/m2,0.015925749267609746,-0.0018444637008847792,0.05625348568208288,2304
robin_linear,roof,12,outside,Ts,K,0.07002116148461396,-0.008825611846618465,0.5828486362805165,2304
robin_linear,roof,12,outside,cond,W/m2,0.2469292585482652,0.013429191822061839,1.4967573069243372,2304
robin_linear,roof,19,inside,Ts,K,0.019453120857648255,-0.0014319424935728747,0.05711157213693241,2304
robin_linear,roof,19,inside,cond,W/m2,0.015251388078089963,-0.0019378594927361476,0.058357469332850354,2304
robin_linear,roof,19,outside,Ts,K,0.07003083064448448,-0.008793983279296258,0.5823430843322512,2304
robin_linear,roof,19,outside,cond,W/m2,0.24689560247982403,0.013587143327582391,1.4967060202273856,2304
robin_linear,roof,26,inside,Ts,K,0.020404496423735603,-0.0013827376520072487,0.06015345662609661,2304
robin_linear,roof,26,inside,cond,W/m2,0.01896523777558098,-0.0019284039754786607,0.07643326726091981,2304
robin_linear,roof,26,outside,Ts,K,0.07005661514913794,-0.008832521283973098,0.5824677691020383,2304
robin_linear,roof,26,outside,cond,W/m2,0.24717653103490467,0.013615223492253987,1.498147512297848,2304
robin_linear,wall,1,inside,Ts,K,0.026122272581278343,-0.006443058615596574,0.10098966032967382,2304
robin_linear,wall,1,inside,cond,W/m2,0.03329441091697578,-0.0007391704444937026,0.15088588278584325,2304
robin_linear,wall,1,outside,Ts,K,0.09285288922895431,-0.008081926492686721,0.8288963266587075,2304
robin_linear,wall,1,outside,cond,W/m2,0.5262103505371556,0.006998558650802529,3.942350307254685,2304
robin_linear,wall,2,inside,Ts,K,0.019835235058621493,-0.003399848852625083,0.07170464558987533,2304
robin_linear,wall,2,inside,cond,W/m2,0.019363553604933692,-0.0019576350611027783,0.06486677018229248,2304
robin_linear,wall,2,outside,Ts,K,0.04759831331472616,-0.0075880939272698145,0.3041591033113491,2304
robin_linear,wall,2,outside,cond,W/m2,0.18674784343919998,0.004009818749840578,0.9803644385501613,2304
robin_linear,wall,7,inside,Ts,K,0.018950645714346303,-0.004164732434979932,0.07053572076296177,2304
robin_linear,wall,7,inside,cond,W/m2,0.019618413193038104,-0.001675264927187329,0.06329088951497486,2304
robin_linear,wall,7,outside,Ts,K,0.04758139447221386,-0.007626258477106911,0.3035634926736748,2304
robin_linear,wall,7,outside,cond,W/m2,0.1870767514630611,0.003655296134947007,0.9813043380942155,2304
robin_linear,wall,13,inside,Ts,K,0.015381980186023303,-0.0010707774757640434,0.05957413487658414,2304
robin_linear,wall,13,inside,cond,W/m2,0.01296527533165337,-0.001448516231802925,0.05503156766050843,2304
robin_linear,wall,13,outside,Ts,K,0.06429469067791445,-0.004037365058214441,0.7062309681980992,2304
robin_linear,wall,13,outside,cond,W/m2,0.21242399743760687,0.001429832470328669,1.79370159509471,2304
robin_linear,wall,14,inside,Ts,K,0.02468593669612397,-0.0060425301166179635,0.09741914180381173,2304
robin_linear,wall,14,inside,cond,W/m2,0.03202669863686439,-0.0008624317581782947,0.14707412549165966,2304
robin_linear,wall,14,outside,Ts,K,0.09286865932244617,-0.008012928293462352,0.8288973742185703,2304
robin_linear,wall,14,outside,cond,W/m2,0.5261846299032059,0.00717020704263181,3.9413207521352973,2304
robin_linear,wall,20,inside,Ts,K,0.029309056882611092,-0.004312148389897599,0.1450950773591444,2304
robin_linear,wall,20,inside,cond,W/m2,0.03087153426943347,-0.0020735984101555353,0.1355967710374495,2304
robin_linear,wall,20,outside,Ts,K,0.17074021798121378,-0.009027041236046744,2.039230458619329,2304
robin_linear,wall,20,outside,cond,W/m2,0.5443294930059235,0.011337986570550601,3.9309452947402264,2304
robin_linear,wall,21,inside,Ts,K,0.016414281390414315,-0.0008370925255503586,0.05846645276687923,2304
robin_linear,wall,21,inside,cond,W/m2,0.017152768758243474,-0.0015690407158450506,0.06756098056750126,2304
robin_linear,wall,21,outside,Ts,K,0.06435344923429936,-0.004080084558959991,0.7061908463571172,2304
robin_linear,wall,21,outside,cond,W/m2,0.2128503509243625,0.001565024150900577,1.7930594945986158,2304
robin_linear,wall,22,inside,Ts,K,0.020519460989739044,-0.004211329107618183,0.07075044962073207,2304
robin_linear,wall,22,inside,cond,W/m2,0.0238485346889476,-0.001650569720964159,0.07778023271310097,2304
robin_linear,wall,22,outside,Ts,K,0.04783865948411112,-0.007702911631026739,0.30524412078261776,2304
robin_linear,wall,22,outside,cond,W/m2,0.1881958423090472,0.003680365871977929,0.9796735477641398,2304
