zone,boundary,side,surface_rms,surface_max_abs,solver
CR,SS,front,2.26725646106021e-12,6.835643162617089e-12,after
CR,SS,back,2.2657298936276157e-12,7.37498950797999e-12,after
CR,SS,storage,1.6935850418111572e-11,4.971134615061601e-11,after
CR,DR,front,2.2343827008253893e-12,6.645350936196337e-12,after
CR,DR,back,2.255043157404089e-12,6.851852418776616e-12,after
CR,DR,storage,1.686333196970561e-11,5.595524044110789e-11,after
CR,OD,front,1.137147281316424e-12,3.467892639719139e-12,after
CR,OD,back,6.659833753262103e-13,2.241762331323116e-12,after
CR,OD,storage,1.551827983512135e-11,5.224887189569927e-11,after
CR,RF,front,5.826850340889213e-13,1.9188539646108893e-12,after
CR,RF,back,8.478980756006222e-13,3.524291969370097e-12,after
CR,RF,storage,1.9278428302505082e-11,7.644729294042918e-11,after
CR,FL,front,5.790911533944511e-13,1.8474111129762605e-12,after
CR,FL,back,2.5459615548848224e-08,6.485721026905367e-08,after
CR,FL,storage,2.5580161872880988e-08,6.615896275263822e-08,after
SS,DR,front,2.2593129595683423e-12,6.576517108669577e-12,after
SS,DR,back,2.285746322505995e-12,7.031264459556041e-12,after
SS,DR,storage,1.669127977482462e-11,5.4287685458120905e-11,after
SS,CV,front,2.2686763265614774e-12,7.093048370876431e-12,after
SS,CV,back,2.272239295829366e-12,6.5356609013633715e-12,after
SS,CV,storage,1.670404390859885e-11,5.282441151166495e-11,after
SS,OD,front,1.1328570708089967e-12,3.5491609651217004e-12,after
SS,OD,back,6.615030901800671e-13,2.213340621892712e-12,after
SS,OD,storage,1.555017494440355e-11,5.7049476254178444e-11,after
SS,RF,front,5.81931617449467e-13,1.9184653865522705e-12,after
SS,RF,back,8.235705921456396e-13,3.055333763768431e-12,after
SS,RF,storage,1.9622181768127405e-11,7.116751632452178e-11,after
SS,FL,front,5.724452296515703e-13,1.7550405573274475e-12,after
SS,FL,back,2.478313569997594e-08,6.38544914721706e-08,after
SS,FL,storage,2.4899760000100126e-08,6.438251531903916e-08,after
DR,DR,front,2.294784884245709e-12,7.0246031214082905e-12,after
DR,DR,back,2.2873989900081032e-12,6.7765792977070305e-12,after
DR,DR,storage,1.708717903554566e-11,5.537614811146341e-11,after
DR,CV,front,2.296668549730952e-12,7.168932114609561e-12,after
DR,CV,back,2.285604439345383e-12,7.1878059060281885e-12,after
DR,CV,storage,1.6720542325224774e-11,6.130385088454204e-11,after
DR,OD,front,1.148087841479737e-12,3.573807916268379e-12,after
DR,OD,back,6.508208105754132e-13,2.1032064978498966e-12,after
DR,OD,storage,1.5385350362178116e-11,5.864775332042882e-11,after
DR,RF,front,5.915040875139446e-13,1.8627321907160876e-12,after
DR,RF,back,8.442670029344942e-13,2.9558577807620168e-12,after
DR,RF,storage,1.908768040020456e-11,7.081091268901218e-11,after
DR,FL,front,5.804935904336954e-13,1.7957024756043438e-12,after
DR,FL,back,2.4970764072089657e-08,6.49872680114072e-08,after
DR,FL,storage,2.5087078054928902e-08,6.579536293571664e-08,after
CV,OD,front,1.1528325393297836e-12,3.5622615968122773e-12,after
CV,OD,back,6.629986387976647e-13,2.161826273550105e-12,after
CV,OD,storage,1.5434000066258308e-11,6.301803523456329e-11,after
CV,RF,front,5.785573053265877e-13,1.801669924361704e-12,after
CV,RF,back,8.43752638147477e-13,3.495870259939693e-12,after
CV,RF,storage,1.9408389107027133e-11,6.305356237135129e-11,after
CV,FL,front,5.78136306431393e-13,1.751931932858497e-12,after
CV,FL,back,2.4938771993637683e-08,6.477751579581081e-08,after
CV,FL,storage,2.5067389223982656e-08,6.582233513796609e-08,after
