zone,quantity,rmse,bias,max_abs,excluded_days
1,T,0.7954191160552954,0.7514904059077662,1.719282119148147,0
2,T,0.8255342406053157,0.7801348105043754,1.781372423615096,0
3,T,0.7547699941791434,0.7034748252485957,1.6928887810637434,0
4,T,0.870952666059472,0.8317075165279108,1.6620505554894294,0
1,T,0.6615235435332429,0.6478698722744252,1.182737771228119,7
2,T,0.6866403242517936,0.6734493481398194,1.1160092718379246,7
3,T,0.6111407022603119,0.5944801261343197,0.9991159050406964,7
4,T,0.7599928223758257,0.740313237367682,1.355554562381144,7
1,T,0.6068220920811621,0.5986225816252703,0.8903801140749579,14
2,T,0.6311893522099926,0.6227900247276531,0.8715164056450817,14
3,T,0.5519007242037131,0.5406724010657057,0.8215755938458074,14
4,T,0.6968963651778814,0.683097804361205,1.1067892839589035,14
