category,side,quantity,rmse,bias,max_abs
floor,inside,Ts,0.7509118077866613,0.7401408120074796,1.1680832838370634
floor,inside,cond,1.2988526029502672,-0.14293400045531163,5.279666680138046
floor,inside,conv,1.061456035845645,0.3885966212891996,2.8784121296229874
floor,inside,rad,0.7124447639872302,-0.24544529558053427,2.664750384813569
floor,outside,cond,0.21677502685279065,0.2139337394503237,0.31632947170321923
partition,inside,Ts,0.6780625084974443,0.6531875869030132,1.1039755633286177
partition,inside,cond,0.22494311741278894,0.04651982022870056,0.7039293141512093
partition,inside,conv,0.49856749949684515,0.02221799640652914,1.5507488345331955
partition,inside,rad,0.6498072344420459,-0.06814294907165856,2.1652355082256602
partition,outside,Ts,0.6906267430028185,0.6688962954202045,1.1429680911189166
partition,outside,cond,0.2594984804131274,-0.04352687123199291,0.843737648716449
partition,outside,conv,0.5837531584286744,0.009293740851989592,1.8521712024068948
partition,outside,rad,0.7756204784993526,0.034807999976115146,2.3212966997434306
roof,inside,Ts,0.7056696401221486,0.6839956767590168,1.5180946160218127
roof,inside,cond,0.7351079288002704,0.26535504580114017,3.603349435996485
roof,inside,conv,0.661353294387433,-0.330955750887465,1.9246734254380826
roof,inside,rad,0.3171603028310312,0.06606335743354984,1.6875500412751432
roof,outside,Ts,2.8429239059610603,1.5989307627193614,13.770389207760616
roof,outside,cond,3.276041222260619,-0.25482037238016253,24.676949694143943
roof,outside,conv,24.610966616715963,12.561389518846328,132.063847564747
roof,outside,rad,23.5007291982959,-12.306568943583343,127.47058121514766
wall,inside,Ts,0.8017650519763309,0.716711012621664,2.715007551432336
wall,inside,cond,0.5247099469383971,-0.10074861897941674,3.5399639879534597
wall,inside,conv,0.9312938489761191,-0.05657192131541334,4.06860298041423
wall,inside,rad,0.7427237083160269,0.15782047505588137,3.0437282664091487
wall,outside,Ts,1.4611931656164239,0.506148826853548,12.20934423386916
wall,outside,cond,2.2231144856520957,0.10638069802055115,23.57862485284238
wall,outside,conv,12.416733740459861,3.660764276888411,112.9064128821574
wall,outside,rad,11.663165738820613,-3.7671430319111345,103.82652675455807
