kind,group,quantity,refinement_rmse,refinement_max_abs
room,1,T,0.008828450759445756,0.021251318030977018
room,2,T,0.007077919277521662,0.01995045387764094
room,3,T,0.0070441310370341305,0.017078514719685245
room,4,T,0.009035451888435235,0.025613203730699752
surface,floor/inside,Ts,0.0029801503082312665,0.007632965616323872
surface,floor/inside,cond,0.014372032535224174,0.056216531619198484
surface,floor/inside,conv,0.0062643444107613275,0.021657105282542943
surface,floor/inside,rad,0.00938702713723934,0.03512027632772696
surface,floor/outside,cond,0.0007951360232545766,0.001819141786876699
surface,partition/inside,Ts,0.004415070191420273,0.012214056398022421
surface,partition/inside,cond,0.0033193583797005706,0.016711556469639177
surface,partition/inside,conv,0.0019194608222283605,0.010110751757110847
surface,partition/inside,rad,0.0020369547533169567,0.010025336653288086
surface,partition/outside,Ts,0.00443110215061496,0.013194679224852734
surface,partition/outside,cond,0.005173122980032485,0.026227723143199766
surface,partition/outside,conv,0.0029306268302182895,0.015202566443576905
surface,partition/outside,rad,0.002599312925589176,0.011757956827622928
surface,roof/inside,Ts,0.006844078470060611,0.02639638727566762
surface,roof/inside,cond,0.016257179821524376,0.0683825082807692
surface,roof/inside,conv,0.005551804125577019,0.022509947662570085
surface,roof/inside,rad,0.011125518623598087,0.04587256061579614
surface,roof/outside,Ts,0.058442894662180576,0.36020884486981686
surface,roof/outside,cond,0.28655399781678575,1.6632011370241102
surface,roof/outside,conv,0.2053881237913247,0.8491757678550726
surface,roof/outside,rad,0.2198447016013815,1.2964984706227938
surface,wall/inside,Ts,0.007472576517453348,0.035322918711813145
surface,wall/inside,cond,0.011016668976485254,0.08418587732543159
surface,wall/inside,conv,0.007606026590185607,0.05025465267954132
surface,wall/inside,rad,0.004134330380352377,0.03559056566960628
surface,wall/outside,Ts,0.035279075329968955,0.39107595214545654
surface,wall/outside,cond,0.025045430016477663,0.26308002352537585
surface,wall/outside,conv,0.1236646571433518,1.306034217061601
surface,wall/outside,rad,0.12200184605695757,1.043073995861846
