zone,quantity,rmse,bias,max_abs,run,kind,category,side
1.0,T,0.6934612144037037,0.6766884423531953,1.1790965363134092,base,room,,
2.0,T,0.7192364731730101,0.7077553807569704,1.1031915326225317,base,room,,
3.0,T,0.5969195170006373,0.5828332817110626,0.9310558163683708,base,room,,
4.0,T,0.7178427403735905,0.69145830860064,1.229660372819069,base,room,,
,Ts,0.7438073283763443,0.7331371626051973,1.1095538182289602,base,surface,floor,inside
,cond,1.7311192240582491,-0.1411770229138672,4.822376033626391,base,surface,floor,inside
,conv,1.1723846304287724,0.3833102675910534,2.842281582198713,base,surface,floor,inside
,rad,0.7863658352555921,-0.2419159194237701,2.2658347201687494,base,surface,floor,inside
,cond,0.2144521315401676,0.211918469824946,0.3045084378847158,base,surface,floor,outside
,Ts,0.6851726193168198,0.6746031147335616,0.992690721272936,base,surface,partition,inside
,cond,0.1832556155864721,-0.0059977689648491,0.5674541913278277,base,surface,partition,inside
,conv,0.532264685924777,0.0252271285292761,1.630516814890881,base,surface,partition,inside
,rad,0.6170281452199111,-0.0186344920008993,2.02989267715897,base,surface,partition,inside
,Ts,0.6827535340731019,0.6720227741658751,0.9834833149967608,base,surface,partition,outside
,cond,0.196236425509492,0.0088455661609671,0.753231703972542,base,surface,partition,outside
,conv,0.6176216090352467,-0.031638758922632,1.8062482871333587,base,surface,partition,outside
,rad,0.728109586360882,0.0233680623577885,2.273116864123868,base,surface,partition,outside
,Ts,0.7301820747756546,0.7088263942300812,1.4027649606758246,base,surface,roof,inside
,cond,1.1660216812583195,0.5759349338676067,3.6768953938139486,base,surface,roof,inside
,conv,0.7712035657058434,-0.3999108383323043,1.9457681869230248,base,surface,roof,inside
,rad,0.4234776756132956,-0.1755614431880898,1.7374008437234174,base,surface,roof,inside
,Ts,4.59248013235398,2.7032102910119313,13.877003240627744,base,surface,roof,outside
,cond,3.5955950733410784,-0.5684963333944956,17.765240379853232,base,surface,roof,outside
,conv,38.68562533460732,22.174540202149725,133.1848292144992,base,surface,roof,outside
,rad,37.148884409484346,-21.606043665872416,128.51147728446898,base,surface,roof,outside
,Ts,0.7960182645973282,0.6641865994526989,2.8428597829356477,base,surface,wall,inside
,cond,0.8004200538380646,-0.3464327859211157,3.6866963074743353,base,surface,wall,inside
,conv,1.0316928024913383,0.0207927287232352,4.291553232811712,base,surface,wall,inside
,rad,0.672012973486753,0.3261399919589264,2.611899858639818,base,surface,wall,inside
,Ts,1.953317288093584,-0.0494247129790527,11.36226925402434,base,surface,wall,outside
,cond,2.6685797885810447,0.3515569544264335,23.608523502953343,base,surface,wall,outside
,conv,18.944267758141837,10.684321810443638,114.5251971613974,base,surface,wall,outside
,rad,18.33805172504077,-11.03587682187212,105.9844578438009,base,surface,wall,outside
1.0,T,0.6907272530374875,0.6746782622527443,1.1754023928630772,refined,room,,
2.0,T,0.7165934503143269,0.7056207776527912,1.1030420635109977,refined,room,,
3.0,T,0.5941414678732687,0.5808381620978881,0.9215036566407662,refined,room,,
4.0,T,0.7149226142848321,0.6893225972795476,1.2246875366175232,refined,room,,
,Ts,0.7417863879903984,0.7311124789247605,1.1090606534122571,refined,surface,floor,inside
,cond,1.7360258832058084,-0.1406116286305856,4.842754611212115,refined,surface,floor,inside
,conv,1.1731640079119316,0.3831900376255618,2.8442429320562512,refined,surface,floor,inside
,rad,0.7894194180311693,-0.2423610837414393,2.276389146671031,refined,surface,floor,inside
,cond,0.213881914256117,0.2113347145715283,0.3044431666711564,refined,surface,floor,outside
,Ts,0.6832235759146317,0.6725132902462192,0.9935642029267342,refined,surface,partition,inside
,cond,0.1837511647257188,-0.0060313531094638,0.5725087867917649,refined,surface,partition,inside
,conv,0.5325885027061433,0.0252619469082963,1.6310085411565174,refined,surface,partition,inside
,rad,0.6162391757324992,-0.0186357262353461,2.0284093096054976,refined,surface,partition,inside
,Ts,0.680920274140057,0.6699216539455145,0.9856873831133156,refined,surface,partition,outside
,cond,0.1986795874897489,0.0088768518660476,0.772832601195351,refined,surface,partition,outside
,conv,0.6180805956982586,-0.0316294946121979,1.807673571768065,refined,surface,partition,outside
,rad,0.7274142497396824,0.0233275123422479,2.27258485673717,refined,surface,partition,outside
,Ts,0.7278000661413325,0.7066188475246734,1.399432290918071,refined,surface,roof,inside
,cond,1.1733628938167675,0.574885392479598,3.694927406814248,refined,surface,roof,inside
,conv,0.7731369453439477,-0.3996653422478541,1.949587300041563,refined,surface,roof,inside
,rad,0.4284028307427719,-0.1747573978845128,1.7524486791919518,refined,surface,roof,inside
,Ts,4.598812922863604,2.697539694805936,13.886704856106178,refined,surface,roof,outside
,cond,3.5586283029062153,-0.5674347408322139,17.666634754929817,refined,surface,roof,outside
,conv,38.65063349007079,22.15735361164182,133.16291664397232,refined,surface,roof,outside
,rad,37.22542348543894,-21.589918667926845,128.72011013791672,refined,surface,roof,outside
,Ts,0.7941484702955637,0.6621612114948433,2.8491251431688625,refined,surface,wall,inside
,cond,0.8065425242045174,-0.3460507083811845,3.768162717073791,refined,surface,wall,inside
,conv,1.0334936818984286,0.0206721572111495,4.308002500658594,refined,surface,wall,inside
,rad,0.6717735645761177,0.3258784859310736,2.6097724754904483,refined,surface,wall,inside
,Ts,1.9551073043477425,-0.0506581001014152,11.377113734946192,refined,surface,wall,outside
,cond,2.6629041549219155,0.351417419178657,23.687375005425793,refined,surface,wall,outside
,conv,18.945885566276655,10.677752527289254,114.5425080427193,refined,surface,wall,outside
,rad,18.33394039095912,-11.029168003470254,106.06043607218056,refined,surface,wall,outside
