day,max_state_change_K
1,6.760423721963548
2,2.359561897602873
3,1.8806931770223514
4,1.5086341879614338
5,1.2351895980069685
6,1.0348616188344977
7,0.8618726317009759
8,0.7149945384762759
9,0.5916156841176985
10,0.4886899544118819
11,0.40321203900276714
12,0.3324331320463898
13,0.27393925050847656
14,0.22566022322217805
15,0.1858463428014261
16,0.1530322155142585
17,0.12599772261648923
18,0.10373081077631241
19,0.08539409048984226
20,0.07029582541758828
21,0.057865220805979334
22,0.04763162399348175
23,0.039207149141986974
24,0.03227223256038769
25,0.02656366212448802
26,0.02186467763942801
27,0.017996795248222952
28,0.014813061976724384
29,0.012192493843883767
30,0.010035491958035436
31,0.008260065810986816
32,0.006798722383450695
33,0.005595904100516691
34,0.004605879078894759
35,0.003791003998571796
36,0.0031202938781689227
37,0.0025682446159862593
38,0.0021138636638511343
39,0.0017398720711980786
40,0.0014320476263947057
41,0.0011786841553202976
42,0.0009701464503564239
