surface_id,paired_surface,front_zone,back_zone,category,area_m2,azimuth,tilt,cells,resistance_m2K_W,capacity_J_m2K,roughness_multiplier
1,0,1,,wall,12.2,270.0,90.0,19,2.048541666666667,24806.103999999992,1.11
2,0,1,,wall,12.2,180.0,90.0,19,2.048541666666667,24806.103999999992,1.11
3,8,1,2.0,partition,12.199999999254942,90.0,90.0,18,0.34875,27729.600000000002,0.0
4,15,1,3.0,partition,12.199999999254942,0.0,90.0,18,0.34875,27729.600000000002,0.0
5,-1,1,,floor,16.0,0.0,180.0,19,3.478038461538462,420765.636,0.0
6,0,1,,roof,16.0,0.0,0.0,18,3.473208333333334,24979.236,1.11
7,0,2,,wall,12.2,180.0,90.0,19,2.048541666666667,24806.103999999992,1.11
9,23,2,4.0,partition,12.199999999254942,90.0,90.0,18,0.34875,27729.600000000002,0.0
10,16,2,3.0,partition,12.199999999254942,0.0,90.0,18,0.34875,27729.600000000002,0.0
11,-1,2,,floor,16.0,0.0,180.0,19,3.478038461538462,420765.636,0.0
12,0,2,,roof,16.0,0.0,0.0,18,3.473208333333334,24979.236,1.11
13,0,3,,wall,24.4,0.0,90.0,19,2.048541666666667,24806.103999999992,1.11
14,0,3,,wall,12.2,270.0,90.0,19,2.048541666666667,24806.103999999992,1.11
17,24,3,4.0,partition,12.199999999254942,90.0,90.0,18,0.34875,27729.600000000002,0.0
18,-1,3,,floor,32.0,0.0,180.0,19,3.478038461538462,420765.636,0.0
19,0,3,,roof,32.0,0.0,0.0,18,3.473208333333334,24979.236,1.11
20,0,4,,wall,24.4,90.0,90.0,19,2.048541666666667,24806.103999999992,1.11
21,0,4,,wall,12.2,0.0,90.0,19,2.048541666666667,24806.103999999992,1.11
22,0,4,,wall,12.2,180.0,90.0,19,2.048541666666667,24806.103999999992,1.11
25,-1,4,,floor,32.0,0.0,180.0,19,3.478038461538462,420765.636,0.0
26,0,4,,roof,32.0,0.0,0.0,18,3.473208333333334,24979.236,1.11
