,floorTempAdjustment,hInterior,hExterior,alphaRoof,weatherProperties,material_type,windSpeed,wallRoughness
0,-4.341417857643588,2.322134113556955,5.848934851689863,0.7061152122396183,"{'zone': 15, 'month': 9, 'cooling_degree_days': 50.75, 'ventilation_degree_days': 50.75, 'ventilation_wind': 3.8657349896480335, 'days_checked': 14}",Light,2.1847827654437784,1.2060481727685082
1,-4.295848395078279,1.2740724244146877,13.756306487617422,0.7942854025713242,"{'zone': 7, 'month': 10, 'cooling_degree_days': 4.5, 'ventilation_degree_days': 4.5, 'ventilation_wind': 2.3105848861283644, 'days_checked': 21}",Light,3.893962252777082,2.1548153581782685
2,-3.8826020078586327,2.1388563406174015,4.2608247473787095,0.8332848387636982,"{'zone': 12, 'month': 8, 'cooling_degree_days': 33.6, 'ventilation_degree_days': 33.6, 'ventilation_wind': 2.1676242236024845, 'days_checked': 21}",Heavy,0.7155457177081936,2.022002829503134
3,-3.8433661497314566,1.1978461283126338,6.402811092037332,0.76275489486338,"{'zone': 9, 'month': 9, 'cooling_degree_days': 8.55, 'ventilation_degree_days': 8.55, 'ventilation_wind': 2.7320910973084884, 'days_checked': 14}",Heavy,2.1221322921692,1.457431956243731
4,-4.215185917977642,2.655142133454226,8.677790451319757,0.6793307911249942,"{'zone': 11, 'month': 8, 'cooling_degree_days': 40.300000000000004, 'ventilation_degree_days': 40.300000000000004, 'ventilation_wind': 3.2350414078674947, 'days_checked': 14}",Medium,4.131438335137599,1.1274270516660474
5,-3.5383122363958592,1.437944899105542,16.983484391239024,0.7203475332242872,"{'zone': 13, 'month': 6, 'cooling_degree_days': 48.95, 'ventilation_degree_days': 39.650000000000006, 'ventilation_wind': 3.5843599033816425, 'days_checked': 14}",Light,5.665293591361706,1.9324044738293962
6,-4.275981227611146,2.0882993755197767,17.381009895904977,0.6024865646870021,"{'zone': 11, 'month': 6, 'cooling_degree_days': 15.649999999999999, 'ventilation_degree_days': 15.649999999999999, 'ventilation_wind': 5.501526915113871, 'days_checked': 7}",Heavy,5.67427342955282,1.9524977047196161
7,-4.8808893629671575,1.048081543018604,1.323889124117064,0.7427053090727384,"{'zone': 10, 'month': 7, 'cooling_degree_days': 23.9, 'ventilation_degree_days': 23.9, 'ventilation_wind': 2.237085921325052, 'days_checked': 14}",Light,0.1457054689104278,1.8271485594071204
8,-4.499332210292717,1.653309681568282,6.460188364679177,0.8895188511469929,"{'zone': 15, 'month': 6, 'cooling_degree_days': 70.4, 'ventilation_degree_days': 70.4, 'ventilation_wind': 3.708281573498965, 'days_checked': 14}",Light,2.0462601695586127,1.5176643998008053
9,-4.022395334058534,2.5019000740063806,6.355814000168923,0.7825836648690843,"{'zone': 14, 'month': 7, 'cooling_degree_days': 57.099999999999994, 'ventilation_degree_days': 48.9, 'ventilation_wind': 3.417028985507246, 'days_checked': 21}",Medium,2.0891946708670073,1.40603523825809
10,-3.746842029180619,2.8099656997051614,19.543746182783376,0.7448434610559498,"{'zone': 15, 'month': 9, 'cooling_degree_days': 47.1, 'ventilation_degree_days': 47.1, 'ventilation_wind': 3.721402691511387, 'days_checked': 7}",Light,5.671351727994464,2.135655915272357
11,-3.8099733110249216,1.5880284355107486,13.473318678087596,0.8471190552084267,"{'zone': 11, 'month': 9, 'cooling_degree_days': 6.699999999999999, 'ventilation_degree_days': 6.699999999999999, 'ventilation_wind': 3.30157867494824, 'days_checked': 91}",Heavy,5.098827403089725,1.6133059517392865
12,-4.147131969598019,1.2705329534180387,10.971678477580104,0.7224712473791888,"{'zone': 10, 'month': 10, 'cooling_degree_days': 5.600000000000001, 'ventilation_degree_days': 5.600000000000001, 'ventilation_wind': 1.5072722567287786, 'days_checked': 70}",Medium,3.8260870818810746,1.641913812284603
13,-4.686865291429644,1.3008306541193035,11.637678022593107,0.6774321801871694,"{'zone': 9, 'month': 4, 'cooling_degree_days': 3.150000000000002, 'ventilation_degree_days': 3.150000000000002, 'ventilation_wind': 2.7099120082815733, 'days_checked': 49}",Medium,5.719966805804582,1.2089128905674296
14,-4.202134978169536,1.4391792780761168,5.501399062498441,0.7807412299026668,"{'zone': 8, 'month': 9, 'cooling_degree_days': 3.1000000000000014, 'ventilation_degree_days': 3.1000000000000014, 'ventilation_wind': 1.9344202898550726, 'days_checked': 49}",Medium,1.4256497084391724,1.7903907485422577
15,-4.339441047909372,1.1152758353146162,7.210330147843807,0.8056307548573853,"{'zone': 15, 'month': 10, 'cooling_degree_days': 29.5, 'ventilation_degree_days': 29.5, 'ventilation_wind': 2.7645703933747408, 'days_checked': 7}",Medium,2.2780373366593007,1.5860746113192037
16,-4.405562054005116,1.6163284225768038,11.432978540152185,0.6640822914401854,"{'zone': 16, 'month': 8, 'cooling_degree_days': 22.1, 'ventilation_degree_days': 22.1, 'ventilation_wind': 1.8512939958592134, 'days_checked': 28}",Heavy,4.890056298882658,1.3665576307338931
17,-4.215249241350598,2.5810643632634482,13.22903675226271,0.6968282675686035,"{'zone': 8, 'month': 8, 'cooling_degree_days': 20.150000000000002, 'ventilation_degree_days': 20.150000000000002, 'ventilation_wind': 1.6036490683229812, 'days_checked': 7}",Medium,5.234370352857484,1.5238839865856264
18,-4.158998180834441,2.7795005427038983,14.928274577687427,0.7563510098262851,"{'zone': 8, 'month': 5, 'cooling_degree_days': 4.25, 'ventilation_degree_days': 4.25, 'ventilation_wind': 2.0895962732919253, 'days_checked': 56}",Medium,4.683398714811261,1.908216055725845
19,-4.038599561579713,2.5534795989899814,17.29345937271373,0.873324018664321,"{'zone': 15, 'month': 4, 'cooling_degree_days': 13.0, 'ventilation_degree_days': 13.0, 'ventilation_wind': 2.955305383022775, 'days_checked': 14}",Medium,5.850376582245893,1.9088390070740138
20,-4.064449774471219,1.3393646266441304,6.806344177565165,0.669066653284818,"{'zone': 13, 'month': 7, 'cooling_degree_days': 28.5, 'ventilation_degree_days': 28.5, 'ventilation_wind': 3.6327380952380954, 'days_checked': 49}",Medium,2.7437037279866123,1.2035953043855145
21,-4.8632206061203,2.6043161481362347,2.641336798098067,0.7695269856102833,"{'zone': 14, 'month': 9, 'cooling_degree_days': 12.649999999999999, 'ventilation_degree_days': 12.649999999999999, 'ventilation_wind': 5.234704968944099, 'days_checked': 35}",Heavy,0.3572286130605449,1.807127239187388
22,-4.127651191788249,2.584759265163878,8.342030675028358,0.8668689224868371,"{'zone': 11, 'month': 5, 'cooling_degree_days': 27.6, 'ventilation_degree_days': 27.6, 'ventilation_wind': 3.3128881987577645, 'days_checked': 35}",Medium,2.030367115519135,2.1629438672099526
23,-4.335873757024113,1.113283744089566,10.384249769275673,0.8340202337830098,"{'zone': 12, 'month': 5, 'cooling_degree_days': 14.5, 'ventilation_degree_days': 14.5, 'ventilation_wind': 2.3765269151138715, 'days_checked': 28}",Medium,4.008362568702516,1.4682242989096774
24,-4.107064419598155,1.9838496405511956,3.6824234934536806,0.8800795163750408,"{'zone': 4, 'month': 5, 'cooling_degree_days': 3.3999999999999986, 'ventilation_degree_days': 3.3999999999999986, 'ventilation_wind': 2.383229813664596, 'days_checked': 7}",Light,0.632753723127802,1.8938467467071476
25,-4.272583038803276,2.321881514723407,10.314796074784878,0.6728186542482302,"{'zone': 8, 'month': 10, 'cooling_degree_days': 4.799999999999997, 'ventilation_degree_days': 4.799999999999997, 'ventilation_wind': 1.3600155279503103, 'days_checked': 14}",Light,3.05792237883884,1.9004996775325245
26,-4.814850510749492,1.7054680975688425,17.55086250703853,0.8323677468527549,"{'zone': 10, 'month': 6, 'cooling_degree_days': 13.849999999999998, 'ventilation_degree_days': 13.849999999999998, 'ventilation_wind': 2.048266045548654, 'days_checked': 21}",Medium,5.644312668530997,1.956134033825951
27,-4.486837664511383,2.181342822410346,6.333654026742444,0.8756721980159625,"{'zone': 8, 'month': 8, 'cooling_degree_days': 19.45, 'ventilation_degree_days': 19.45, 'ventilation_wind': 1.5284161490683232, 'days_checked': 14}",Light,2.024445641221767,1.4552872966689483
28,-4.547236846228377,2.2678127177743717,10.14087562860262,0.6918230188191381,"{'zone': 10, 'month': 10, 'cooling_degree_days': 3.6999999999999993, 'ventilation_degree_days': 3.6999999999999993, 'ventilation_wind': 1.444927536231884, 'days_checked': 28}",Light,3.7139736658529685,1.5120882741412296
29,-4.510414882371842,2.6223602912649175,15.932190013901051,0.8292535563742371,"{'zone': 9, 'month': 6, 'cooling_degree_days': 4.300000000000001, 'ventilation_degree_days': 4.300000000000001, 'ventilation_wind': 2.86304347826087, 'days_checked': 21}",Heavy,5.387576428578521,1.8994503731467227
30,-4.342999673106347,1.8979125796381806,10.44375285700882,0.8634366879310715,"{'zone': 8, 'month': 7, 'cooling_degree_days': 16.950000000000003, 'ventilation_degree_days': 16.950000000000003, 'ventilation_wind': 1.8791407867494825, 'days_checked': 70}",Heavy,2.7034467277312118,2.1536468096349592
31,-3.6457641567687267,2.0388186250241738,8.751240496307538,0.7089263331842842,"{'zone': 13, 'month': 8, 'cooling_degree_days': 54.15, 'ventilation_degree_days': 54.15, 'ventilation_wind': 3.0917443064182195, 'days_checked': 7}",Light,3.3102665304991157,1.4148592594461775
32,-3.9409434035976156,1.7720082447718133,9.685639890904502,0.8374262889981631,"{'zone': 13, 'month': 7, 'cooling_degree_days': 27.950000000000003, 'ventilation_degree_days': 27.950000000000003, 'ventilation_wind': 3.3563405797101455, 'days_checked': 84}",Light,4.280110144101978,1.2602416708340334
33,-3.553294619567539,1.7819285713318553,3.1654058441533475,0.600284450167884,"{'zone': 15, 'month': 5, 'cooling_degree_days': 70.6, 'ventilation_degree_days': 37.5, 'ventilation_wind': 3.9522644927536232, 'days_checked': 35}",Light,0.9462539786333801,1.207355612985988
34,-4.421609404882828,1.865533445661267,4.881157991044239,0.8507678868039592,"{'zone': 10, 'month': 9, 'cooling_degree_days': 4.299999999999997, 'ventilation_degree_days': 4.299999999999997, 'ventilation_wind': 2.509782608695652, 'days_checked': 7}",Light,1.1841679797802624,1.7350586234397403
35,-4.830875072150626,2.5458725941179625,3.448878489025439,0.8148931632026826,"{'zone': 7, 'month': 10, 'cooling_degree_days': 3.6999999999999993, 'ventilation_degree_days': 3.6999999999999993, 'ventilation_wind': 1.7586180124223603, 'days_checked': 14}",Heavy,1.0749674950539234,1.2105118211401285
36,-4.877225002784661,1.870110559712234,13.359140344501506,0.6083244382512354,"{'zone': 4, 'month': 6, 'cooling_degree_days': 3.1000000000000014, 'ventilation_degree_days': 3.1000000000000014, 'ventilation_wind': 4.921040372670808, 'days_checked': 42}",Light,5.467587462482467,1.4998199397486087
37,-4.310930757386375,1.5915381688807255,15.835888225865483,0.8572460775153161,"{'zone': 15, 'month': 9, 'cooling_degree_days': 63.45, 'ventilation_degree_days': 19.3, 'ventilation_wind': 4.775, 'days_checked': 14}",Light,5.0638782159100995,1.984873656082696
38,-4.223644869945534,2.8146798732479814,4.926688954321105,0.7962898720584789,"{'zone': 9, 'month': 9, 'cooling_degree_days': 46.45, 'ventilation_degree_days': 46.45, 'ventilation_wind': 2.376656314699793, 'days_checked': 14}",Light,1.176979090201814,1.8772323223282883
39,-4.98918938217463,1.711431335532902,9.332718232045563,0.7561277430581663,"{'zone': 10, 'month': 8, 'cooling_degree_days': 39.94999999999999, 'ventilation_degree_days': 39.94999999999999, 'ventilation_wind': 2.168737060041408, 'days_checked': 14}",Medium,2.771314204051748,1.858067003311644
40,-4.633449478953243,2.6889431476516674,7.54041439265529,0.8433812805666443,"{'zone': 5, 'month': 10, 'cooling_degree_days': 3.6499999999999986, 'ventilation_degree_days': 3.6499999999999986, 'ventilation_wind': 2.8620600414078674, 'days_checked': 28}",Light,2.974009542756893,1.24981865568181
41,-4.49482408312203,2.6595054171452595,7.843670442710411,0.6162516937502038,"{'zone': 13, 'month': 7, 'cooling_degree_days': 50.30000000000001, 'ventilation_degree_days': 50.30000000000001, 'ventilation_wind': 3.1543737060041406, 'days_checked': 14}",Heavy,1.8494799842154377,2.1328538121107754
42,-4.811290827140145,2.9794705748333463,2.8555643412497314,0.8062996800976243,"{'zone': 15, 'month': 7, 'cooling_degree_days': 87.74999999999999, 'ventilation_degree_days': 27.600000000000005, 'ventilation_wind': 4.583333333333333, 'days_checked': 7}",Light,0.6046185570513616,1.5861902343524443
43,-4.974050327887594,1.3271427499897106,11.009586874575449,0.8259283238324526,"{'zone': 15, 'month': 3, 'cooling_degree_days': 3.200000000000003, 'ventilation_degree_days': 3.200000000000003, 'ventilation_wind': 2.862551759834368, 'days_checked': 42}",Heavy,5.629319166659483,1.153029433332496
44,-4.683073229360035,2.6501730357177884,6.696080370345407,0.7852881963176955,"{'zone': 15, 'month': 4, 'cooling_degree_days': 11.8, 'ventilation_degree_days': 11.8, 'ventilation_wind': 4.083928571428571, 'days_checked': 21}",Heavy,1.7089658974173279,1.9272054585099028
45,-4.367191855134663,2.730034642156652,14.918480139146665,0.6541529459264902,"{'zone': 4, 'month': 9, 'cooling_degree_days': 4.5, 'ventilation_degree_days': 4.5, 'ventilation_wind': 3.083022774327122, 'days_checked': 7}",Heavy,4.519108751014512,1.9585596686506315
46,-3.591912676131569,2.21514922318428,5.442255889772979,0.6478257590184242,"{'zone': 8, 'month': 5, 'cooling_degree_days': 4.25, 'ventilation_degree_days': 4.25, 'ventilation_wind': 1.9530020703933746, 'days_checked': 21}",Light,1.194473666271276,2.013676234727644
47,-4.3135022725958825,2.401720064609699,4.457533634660087,0.8609282721175954,"{'zone': 14, 'month': 5, 'cooling_degree_days': 9.149999999999999, 'ventilation_degree_days': 9.149999999999999, 'ventilation_wind': 5.104114906832298, 'days_checked': 42}",Heavy,1.1598327269947757,1.3056868220363045
48,-4.594278212922527,2.282999744203242,7.552961360948783,0.7637682461265604,"{'zone': 10, 'month': 7, 'cooling_degree_days': 23.9, 'ventilation_degree_days': 23.9, 'ventilation_wind': 2.237085921325052, 'days_checked': 7}",Heavy,3.3210713989692353,1.1802115082230038
49,-4.420742658189454,2.203252221997145,12.309792000378607,0.7109159634176645,"{'zone': 9, 'month': 4, 'cooling_degree_days': 3.150000000000002, 'ventilation_degree_days': 3.150000000000002, 'ventilation_wind': 2.3551759834368533, 'days_checked': 21}",Light,4.036833343245434,1.8143649206307533
50,-4.611934926063712,2.1924097163628966,11.922680705085565,0.840559159038859,"{'zone': 5, 'month': 10, 'cooling_degree_days': 6.75, 'ventilation_degree_days': 6.75, 'ventilation_wind': 3.037888198757764, 'days_checked': 112}",Medium,3.3045257405093924,2.116677449763868
51,-3.5912886917197677,2.33589816381026,1.8293366212155513,0.8790971975278359,"{'zone': 13, 'month': 6, 'cooling_degree_days': 54.599999999999994, 'ventilation_degree_days': 45.3, 'ventilation_wind': 3.4349335748792265, 'days_checked': 35}",Light,0.19241005859602356,1.9268646110271292
52,-4.573407986778776,2.8934201968164603,11.287397065640752,0.8919760490382396,"{'zone': 12, 'month': 8, 'cooling_degree_days': 4.399999999999999, 'ventilation_degree_days': 4.399999999999999, 'ventilation_wind': 3.2201604554865426, 'days_checked': 49}",Medium,5.671676944954963,1.1755309851239004
53,-4.9654015237120905,2.8729607315853447,4.635260790278474,0.7289752759130528,"{'zone': 15, 'month': 9, 'cooling_degree_days': 79.1, 'ventilation_degree_days': 20.300000000000004, 'ventilation_wind': 3.3666666666666663, 'days_checked': 252}",Light,0.9151444339915,2.123444867877396
54,-4.3571554378471475,2.4174255145638246,12.993539567627833,0.736027900312229,"{'zone': 15, 'month': 8, 'cooling_degree_days': 82.1, 'ventilation_degree_days': 22.299999999999997, 'ventilation_wind': 3.333333333333333, 'days_checked': 21}",Heavy,5.1648620760781645,1.493745068836362
55,-4.8448361110791565,1.4398226299469936,3.7182933866047847,0.6623642622526037,"{'zone': 10, 'month': 5, 'cooling_degree_days': 17.550000000000004, 'ventilation_degree_days': 17.550000000000004, 'ventilation_wind': 3.0431935817805384, 'days_checked': 28}",Light,1.1176594500129573,1.2848528234692218
56,-4.390836137769989,1.618435475687668,5.222220342642841,0.7389545868591377,"{'zone': 9, 'month': 8, 'cooling_degree_days': 20.35, 'ventilation_degree_days': 20.35, 'ventilation_wind': 2.400077639751552, 'days_checked': 7}",Heavy,1.6953170872113084,1.3910556039020108
57,-4.469899500691958,2.971743027412556,17.634818938655332,0.6906577882674797,"{'zone': 10, 'month': 4, 'cooling_degree_days': 3.1999999999999993, 'ventilation_degree_days': 3.1999999999999993, 'ventilation_wind': 2.0255434782608694, 'days_checked': 35}",Medium,5.5040398950468035,2.0097814655122312
58,-3.9412062725629875,2.3369258122003926,17.805859163434583,0.8408068232879462,"{'zone': 11, 'month': 9, 'cooling_degree_days': 8.05, 'ventilation_degree_days': 8.05, 'ventilation_wind': 4.407116977225673, 'days_checked': 35}",Light,5.176332807250543,2.1460681675785587
59,-4.141861207002069,1.860578690912319,4.024967700375011,0.6403544208574771,"{'zone': 15, 'month': 7, 'cooling_degree_days': 66.10000000000001, 'ventilation_degree_days': 39.75000000000001, 'ventilation_wind': 4.226304347826087, 'days_checked': 70}",Light,0.8694109343396159,1.7937667919822982
60,-4.767764440738826,2.5059718555035397,8.676526289724,0.736465680304085,"{'zone': 8, 'month': 8, 'cooling_degree_days': 4.950000000000003, 'ventilation_degree_days': 4.950000000000003, 'ventilation_wind': 2.0119824016563146, 'days_checked': 7}",Light,3.8649225950621275,1.2022778704804322
61,-4.293900809020636,1.7438797736603533,2.5945337194625555,0.802376378829185,"{'zone': 15, 'month': 6, 'cooling_degree_days': 66.1, 'ventilation_degree_days': 56.5, 'ventilation_wind': 4.22530193236715, 'days_checked': 21}",Heavy,0.2639657597171692,1.353814682903019
62,-4.351515191096704,2.1237445680475995,16.802846813961082,0.7054799785034698,"{'zone': 4, 'month': 8, 'cooling_degree_days': 8.899999999999999, 'ventilation_degree_days': 8.899999999999999, 'ventilation_wind': 3.0723343685300213, 'days_checked': 7}",Heavy,4.78535639083177,2.1452043816503235
63,-4.490067634429636,1.164595569037463,9.459117511630476,0.86968779083644,"{'zone': 6, 'month': 9, 'cooling_degree_days': 3.25, 'ventilation_degree_days': 3.25, 'ventilation_wind': 4.46899585921325, 'days_checked': 91}",Heavy,2.5603201591005176,2.0762424075492056
64,-4.152789784406523,2.92169432508865,1.746646149819859,0.8233232313901476,"{'zone': 14, 'month': 8, 'cooling_degree_days': 55.14999999999999, 'ventilation_degree_days': 55.14999999999999, 'ventilation_wind': 3.7736024844720495, 'days_checked': 28}",Light,0.3406070324685986,1.345517021043264
65,-3.9385782841194086,1.260138166226827,8.964237682053001,0.8944903984335985,"{'zone': 9, 'month': 6, 'cooling_degree_days': 5.050000000000001, 'ventilation_degree_days': 5.050000000000001, 'ventilation_wind': 2.7890527950310555, 'days_checked': 49}",Heavy,2.9286263929428644,1.6294235028751864
66,-4.070545715120967,2.8453180088536,6.038598589663869,0.7364332416216351,"{'zone': 9, 'month': 4, 'cooling_degree_days': 3.150000000000002, 'ventilation_degree_days': 3.150000000000002, 'ventilation_wind': 2.4814958592132506, 'days_checked': 14}",Medium,1.6813263144054347,1.6015503145391397
67,-4.898841614503106,2.7407688234302174,11.708465793016035,0.6773517839880411,"{'zone': 14, 'month': 7, 'cooling_degree_days': 46.949999999999996, 'ventilation_degree_days': 29.999999999999996, 'ventilation_wind': 5.516775362318841, 'days_checked': 49}",Light,4.105976467898561,1.6740370661117718
68,-3.741271232331785,2.1745933389204044,11.892065135984868,0.8478190108111141,"{'zone': 14, 'month': 6, 'cooling_degree_days': 21.5, 'ventilation_degree_days': 21.5, 'ventilation_wind': 5.843711180124223, 'days_checked': 7}",Heavy,4.052148865426742,1.6759827413246242
69,-3.803687488803491,2.8907109716665937,10.533396332566205,0.8054568798137105,"{'zone': 15, 'month': 4, 'cooling_degree_days': 13.0, 'ventilation_degree_days': 13.0, 'ventilation_wind': 3.4588768115942026, 'days_checked': 21}",Heavy,4.871512174838411,1.234781303627693
70,-3.779859807412626,2.9526183288759,11.712784313574229,0.7840096317826047,"{'zone': 14, 'month': 5, 'cooling_degree_days': 15.75, 'ventilation_degree_days': 15.75, 'ventilation_wind': 5.92694099378882, 'days_checked': 14}",Medium,4.628628945671572,1.487587120493381
71,-3.851388245322113,2.7861678103848107,4.852802878956801,0.6013961559014717,"{'zone': 4, 'month': 6, 'cooling_degree_days': 5.449999999999999, 'ventilation_degree_days': 5.449999999999999, 'ventilation_wind': 3.883514492753623, 'days_checked': 14}",Heavy,1.3418734147758253,1.600720420085954
72,-3.719034464035731,2.8367180330819335,7.628646983260749,0.6000520529021259,"{'zone': 12, 'month': 9, 'cooling_degree_days': 4.100000000000001, 'ventilation_degree_days': 4.100000000000001, 'ventilation_wind': 2.797955486542443, 'days_checked': 14}",Medium,2.6093014875741547,1.498437497377275
73,-4.28589120431918,2.9776050427027654,3.3377051674807316,0.7169844887807039,"{'zone': 11, 'month': 7, 'cooling_degree_days': 59.25, 'ventilation_degree_days': 59.25, 'ventilation_wind': 3.2264233954451345, 'days_checked': 14}",Light,0.5340915373671706,1.8670045028473832
74,-4.885877149170623,1.7292789990886501,11.614389545583121,0.6757973738045285,"{'zone': 9, 'month': 9, 'cooling_degree_days': 8.55, 'ventilation_degree_days': 8.55, 'ventilation_wind': 2.7145962732919253, 'days_checked': 7}",Light,5.107842506769062,1.339377433062304
75,-3.6204320137976738,1.8128403840097724,5.646959711623175,0.8511070012336754,"{'zone': 12, 'month': 8, 'cooling_degree_days': 4.399999999999999, 'ventilation_degree_days': 4.399999999999999, 'ventilation_wind': 3.2201604554865426, 'days_checked': 119}",Light,2.053020168248503,1.2674418699381538
76,-3.827682160252191,2.986137023511314,12.473473004595864,0.6998433328111386,"{'zone': 9, 'month': 8, 'cooling_degree_days': 12.8, 'ventilation_degree_days': 12.8, 'ventilation_wind': 2.598343685300207, 'days_checked': 63}",Light,5.3213843142456705,1.4039016191878675
77,-4.883868034788363,1.9488555276236337,10.423317227377266,0.7187044800214849,"{'zone': 4, 'month': 7, 'cooling_degree_days': 5.5, 'ventilation_degree_days': 5.5, 'ventilation_wind': 3.696687370600414, 'days_checked': 77}",Heavy,3.612234927631926,1.6066777819288351
78,-4.378569673744596,2.4501246004591266,7.796744206775928,0.7383322508639593,"{'zone': 14, 'month': 5, 'cooling_degree_days': 9.149999999999999, 'ventilation_degree_days': 9.149999999999999, 'ventilation_wind': 5.104114906832298, 'days_checked': 14}",Heavy,1.9962385470727158,2.020419069021358
79,-4.300782934194036,1.0058267620583714,15.878338933612152,0.7833071598702328,"{'zone': 7, 'month': 10, 'cooling_degree_days': 4.5, 'ventilation_degree_days': 4.5, 'ventilation_wind': 2.4455745341614903, 'days_checked': 91}",Medium,5.083344338303296,1.9868221855559756
80,-3.5730156537010975,2.2327273607058977,11.856109027295847,0.7200231503146753,"{'zone': 14, 'month': 7, 'cooling_degree_days': 55.050000000000004, 'ventilation_degree_days': 38.1, 'ventilation_wind': 4.504021739130435, 'days_checked': 7}",Medium,5.80891999190838,1.2195633309615896
81,-4.638478795837976,2.2339664584590393,11.039006549266139,0.8812141426496076,"{'zone': 11, 'month': 10, 'cooling_degree_days': 4.899999999999999, 'ventilation_degree_days': 4.899999999999999, 'ventilation_wind': 1.8558747412008283, 'days_checked': 28}",Medium,5.864268106255615,1.1138510074193286
82,-4.099929646886479,2.264854363273308,6.38238515314175,0.8371190908486328,"{'zone': 12, 'month': 5, 'cooling_degree_days': 4.200000000000003, 'ventilation_degree_days': 4.200000000000003, 'ventilation_wind': 2.7816511387163563, 'days_checked': 63}",Heavy,1.825523133298505,1.6971779505547393
83,-4.690517308310641,1.7714247321109036,6.664055444564983,0.745509993785843,"{'zone': 16, 'month': 8, 'cooling_degree_days': 22.1, 'ventilation_degree_days': 22.1, 'ventilation_wind': 1.8530020703933747, 'days_checked': 56}",Heavy,1.682301484463614,1.9391006611596393
84,-4.878055263020745,1.286848011568461,5.006544676904208,0.718049983243724,"{'zone': 11, 'month': 9, 'cooling_degree_days': 8.05, 'ventilation_degree_days': 8.05, 'ventilation_wind': 4.783747412008282, 'days_checked': 98}",Heavy,1.6152448050028505,1.3238619318748006
85,-4.7795842422383235,1.5410400290493902,13.223038359654858,0.8789650519310837,"{'zone': 12, 'month': 9, 'cooling_degree_days': 4.100000000000001, 'ventilation_degree_days': 4.100000000000001, 'ventilation_wind': 2.797955486542443, 'days_checked': 35}",Medium,4.266466167103195,1.861070129957942
86,-4.87428099543035,2.659745451382552,14.449985831381268,0.6422329887663488,"{'zone': 11, 'month': 8, 'cooling_degree_days': 45.300000000000004, 'ventilation_degree_days': 45.300000000000004, 'ventilation_wind': 3.1832556935817804, 'days_checked': 7}",Light,4.356668501738508,2.034173766366834
87,-4.303401601899729,1.4820452329531335,10.144514363985225,0.8588752971839606,"{'zone': 6, 'month': 9, 'cooling_degree_days': 3.25, 'ventilation_degree_days': 3.25, 'ventilation_wind': 4.209860248447205, 'days_checked': 63}",Heavy,2.7963490491137857,2.0399170776550797
88,-3.548055590836081,1.6902970509216375,2.147901098787844,0.6551231740869247,"{'zone': 11, 'month': 9, 'cooling_degree_days': 6.650000000000002, 'ventilation_degree_days': 6.650000000000002, 'ventilation_wind': 3.2617753623188404, 'days_checked': 105}",Medium,0.1601887997611866,1.3825798672709706
89,-4.284388237396842,1.2480774941944874,7.3921113278259325,0.6203106712452028,"{'zone': 9, 'month': 8, 'cooling_degree_days': 7.050000000000001, 'ventilation_degree_days': 7.050000000000001, 'ventilation_wind': 2.6384057971014494, 'days_checked': 35}",Heavy,2.1843385964350404,1.7212605467441624
90,-4.858856258883915,1.4321536887319453,12.035469462259648,0.8664145380537531,"{'zone': 7, 'month': 7, 'cooling_degree_days': 3.4499999999999993, 'ventilation_degree_days': 3.4499999999999993, 'ventilation_wind': 3.031262939958592, 'days_checked': 49}",Light,3.8952788421767606,1.8046729316872454
91,-3.7993834830606317,1.3422389834883,8.250756776448144,0.7229864379543214,"{'zone': 9, 'month': 8, 'cooling_degree_days': 14.850000000000001, 'ventilation_degree_days': 14.850000000000001, 'ventilation_wind': 2.3896480331262935, 'days_checked': 21}",Heavy,2.6759033082995294,1.5860524716679145
92,-4.28999674855968,1.0432062020977642,4.927181453369405,0.715769758217575,"{'zone': 14, 'month': 6, 'cooling_degree_days': 31.15, 'ventilation_degree_days': 31.15, 'ventilation_wind': 5.643737060041407, 'days_checked': 7}",Heavy,1.0529640862011551,2.083854961572678
93,-4.505003006460754,1.029084932219952,5.740244555491839,0.8792078849126288,"{'zone': 10, 'month': 6, 'cooling_degree_days': 3.9499999999999993, 'ventilation_degree_days': 3.9499999999999993, 'ventilation_wind': 2.25212215320911, 'days_checked': 14}",Light,1.8758428975457508,1.2904662682242936
94,-4.684789355792498,1.5053945060884808,2.788620471717157,0.6706991238802054,"{'zone': 13, 'month': 7, 'cooling_degree_days': 12.649999999999999, 'ventilation_degree_days': 12.649999999999999, 'ventilation_wind': 3.8050983436852994, 'days_checked': 112}",Light,0.6767967182680665,1.417997065735877
95,-3.8813871128984005,1.5032261575887742,19.230034855374363,0.6905141284990943,"{'zone': 4, 'month': 8, 'cooling_degree_days': 14.399999999999999, 'ventilation_degree_days': 14.399999999999999, 'ventilation_wind': 3.254710144927536, 'days_checked': 42}",Light,5.986443466098094,2.1275422579974426
96,-4.5099428785902385,2.1298654750501127,12.089700510172042,0.6600030673604861,"{'zone': 9, 'month': 6, 'cooling_degree_days': 3.1000000000000014, 'ventilation_degree_days': 3.1000000000000014, 'ventilation_wind': 2.758100414078675, 'days_checked': 14}",Light,5.350858824743887,1.34893037823771
97,-4.875915126615194,1.4912360159890774,10.585986374120381,0.8330675899265452,"{'zone': 4, 'month': 7, 'cooling_degree_days': 13.649999999999999, 'ventilation_degree_days': 13.649999999999999, 'ventilation_wind': 3.206444099378882, 'days_checked': 14}",Medium,2.8387441190744704,1.9942954127735566
98,-4.977361884542521,1.5942134862094572,9.529149151492435,0.6883469786860541,"{'zone': 15, 'month': 9, 'cooling_degree_days': 76.9, 'ventilation_degree_days': 20.300000000000004, 'ventilation_wind': 3.3666666666666663, 'days_checked': 7}",Light,4.09290504460482,1.2900463944279956
99,-4.441559338848099,1.9538913849188335,3.053668529704883,0.8292095266825015,"{'zone': 15, 'month': 5, 'cooling_degree_days': 61.25, 'ventilation_degree_days': 61.25, 'ventilation_wind': 4.146790890269151, 'days_checked': 126}",Heavy,0.8391279094629915,1.2382425522565819
100,-4.265497449608871,1.241248854637133,7.729890125788393,0.7888071790849651,"{'zone': 15, 'month': 7, 'cooling_degree_days': 64.4, 'ventilation_degree_days': 49.85000000000001, 'ventilation_wind': 4.470833333333333, 'days_checked': 7}",Light,2.9436463123868633,1.3507892641978407
101,-4.097368666218439,2.0929772740540633,4.974923209964641,0.6960413396897558,"{'zone': 14, 'month': 8, 'cooling_degree_days': 57.7, 'ventilation_degree_days': 57.7, 'ventilation_wind': 5.255227743271221, 'days_checked': 7}",Light,1.2213350753166659,1.550621360366577
102,-4.049229583274316,1.240556404013276,3.646424127685586,0.8459495971653647,"{'zone': 6, 'month': 9, 'cooling_degree_days': 3.25, 'ventilation_degree_days': 3.25, 'ventilation_wind': 4.291925465838509, 'days_checked': 14}",Heavy,0.6166366104948817,2.022394510382359
103,-3.782969265158361,2.4010855770224486,10.76417449799307,0.685390897056603,"{'zone': 10, 'month': 10, 'cooling_degree_days': 19.749999999999996, 'ventilation_degree_days': 19.749999999999996, 'ventilation_wind': 1.7873447204968944, 'days_checked': 21}",Medium,4.140461609555812,1.4912713610899995
104,-4.849112604852598,1.4780230642280816,10.658364732269257,0.6828077512808489,"{'zone': 13, 'month': 6, 'cooling_degree_days': 13.699999999999996, 'ventilation_degree_days': 13.699999999999996, 'ventilation_wind': 5.212577639751552, 'days_checked': 14}",Heavy,5.128280936718477,1.1898068189666022
105,-4.482594767710667,1.799937835138596,17.906285206471463,0.8795368027607037,"{'zone': 7, 'month': 7, 'cooling_degree_days': 3.4499999999999993, 'ventilation_degree_days': 3.4499999999999993, 'ventilation_wind': 3.074948240165632, 'days_checked': 21}",Heavy,5.212489242275782,2.131432698291704
106,-4.391916422234764,1.3083557444316354,11.379559725526967,0.6671290470881027,"{'zone': 14, 'month': 7, 'cooling_degree_days': 61.800000000000004, 'ventilation_degree_days': 44.75, 'ventilation_wind': 4.999891304347825, 'days_checked': 56}",Heavy,5.025450348145474,1.3239767793844823
107,-4.989646814640773,1.591302659040375,2.4498252536505483,0.6715022945472826,"{'zone': 11, 'month': 9, 'cooling_degree_days': 23.250000000000004, 'ventilation_degree_days': 23.250000000000004, 'ventilation_wind': 2.632427536231884, 'days_checked': 14}",Light,0.4576485492657838,1.4632029370263548
108,-3.8416180123601977,2.43600235659234,11.118320897740444,0.6021989919376541,"{'zone': 13, 'month': 5, 'cooling_degree_days': 26.450000000000006, 'ventilation_degree_days': 26.450000000000006, 'ventilation_wind': 2.947826086956522, 'days_checked': 14}",Heavy,3.555880714077105,1.8032882024517773
109,-4.969069569145944,1.7466330997252721,14.118058447809904,0.6425285044493544,"{'zone': 4, 'month': 8, 'cooling_degree_days': 3.8999999999999986, 'ventilation_degree_days': 3.8999999999999986, 'ventilation_wind': 3.2799948240165633, 'days_checked': 21}",Light,5.105524342612241,1.655550750298054
110,-4.812124052370118,2.6479509275421425,4.718009272961597,0.6766503285274984,"{'zone': 13, 'month': 9, 'cooling_degree_days': 7.050000000000004, 'ventilation_degree_days': 7.050000000000004, 'ventilation_wind': 2.891459627329193, 'days_checked': 84}",Heavy,1.33064979732349,1.4412617835503858
111,-4.471520637745413,2.96243191277335,15.830107089128907,0.7796086115751504,"{'zone': 15, 'month': 4, 'cooling_degree_days': 6.449999999999999, 'ventilation_degree_days': 6.449999999999999, 'ventilation_wind': 4.3692287784679085, 'days_checked': 7}",Light,5.544939468776984,1.7515181368049197
112,-4.873570295694792,1.9201059138720709,7.914341820862521,0.8910630920278211,"{'zone': 6, 'month': 10, 'cooling_degree_days': 7.699999999999999, 'ventilation_degree_days': 7.699999999999999, 'ventilation_wind': 2.7372153209109733, 'days_checked': 49}",Light,3.3407080866683128,1.2111337572700844
113,-4.402625820427844,1.0628649404124673,6.2335891019050695,0.6015094150363456,"{'zone': 10, 'month': 7, 'cooling_degree_days': 24.1, 'ventilation_degree_days': 24.1, 'ventilation_wind': 2.443892339544514, 'days_checked': 126}",Medium,1.8168960150106452,1.5893777119098758
114,-4.4078829992595265,2.3207667292650775,6.592089141511813,0.8742127727186761,"{'zone': 15, 'month': 3, 'cooling_degree_days': 3.200000000000003, 'ventilation_degree_days': 3.200000000000003, 'ventilation_wind': 2.3974120082815733, 'days_checked': 49}",Light,2.7719307064627476,1.1209991096654792
115,-4.117321367689506,2.7111871379289223,9.75932958370042,0.8993271718161907,"{'zone': 12, 'month': 8, 'cooling_degree_days': 11.05, 'ventilation_degree_days': 11.05, 'ventilation_wind': 3.4960403726708074, 'days_checked': 7}",Heavy,2.5308210808166542,2.0481714497473256
116,-4.09432065674536,1.42486088908616,10.806341007425825,0.6571662749101412,"{'zone': 10, 'month': 7, 'cooling_degree_days': 24.1, 'ventilation_degree_days': 24.1, 'ventilation_wind': 2.443892339544514, 'days_checked': 7}",Heavy,3.5859536073609313,1.722236785667754
117,-4.6178461319331925,2.063653730267445,9.615017946314342,0.7278535811196707,"{'zone': 9, 'month': 9, 'cooling_degree_days': 3.200000000000003, 'ventilation_degree_days': 3.200000000000003, 'ventilation_wind': 2.278726708074534, 'days_checked': 21}",Heavy,3.6702050960409682,1.4351338323313843
118,-4.370600791452668,1.7843322512503037,13.70527176603137,0.6318288724487333,"{'zone': 10, 'month': 10, 'cooling_degree_days': 14.600000000000001, 'ventilation_degree_days': 14.600000000000001, 'ventilation_wind': 1.6235248447204966, 'days_checked': 21}",Heavy,4.532880219203552,1.8404950552371269
119,-4.372807996720872,1.6821934343130702,9.172788469092783,0.6989678791474365,"{'zone': 14, 'month': 5, 'cooling_degree_days': 19.4, 'ventilation_degree_days': 19.4, 'ventilation_wind': 5.301293995859213, 'days_checked': 28}",Light,2.600021008363191,1.8754963376304619
120,-4.838996660095319,1.8275064270780013,9.60813870163477,0.8461149644959185,"{'zone': 9, 'month': 9, 'cooling_degree_days': 39.85000000000001, 'ventilation_degree_days': 39.85000000000001, 'ventilation_wind': 2.601992753623189, 'days_checked': 7}",Heavy,2.8523176207029834,1.8167344180456269
121,-3.964971259351176,1.02572851203845,10.469418673366569,0.7912076633107579,"{'zone': 10, 'month': 10, 'cooling_degree_days': 5.600000000000001, 'ventilation_degree_days': 5.600000000000001, 'ventilation_wind': 1.5072722567287786, 'days_checked': 7}",Light,3.8706916972497547,1.5312513521536908
122,-3.7932316826178543,1.1201710001635539,13.490702602980598,0.7799163989545002,"{'zone': 15, 'month': 6, 'cooling_degree_days': 77.15, 'ventilation_degree_days': 29.950000000000003, 'ventilation_wind': 3.3874999999999997, 'days_checked': 28}",Medium,3.672063178545838,2.1069918963003462
123,-3.5365715057591927,1.5728092530495186,5.688905161480516,0.8858524382711067,"{'zone': 15, 'month': 10, 'cooling_degree_days': 67.5, 'ventilation_degree_days': 39.4, 'ventilation_wind': 2.0225, 'days_checked': 7}",Medium,1.3092509710254534,2.021686119828394
124,-3.5894818101266366,2.260422452364037,6.701717018950033,0.7287750637948502,"{'zone': 15, 'month': 9, 'cooling_degree_days': 50.2, 'ventilation_degree_days': 41.05, 'ventilation_wind': 3.563254830917875, 'days_checked': 56}",Light,2.4111981568078944,1.3460273732586614
125,-4.060152864521127,1.0184221282980588,10.498895382421395,0.6947881869868306,"{'zone': 11, 'month': 7, 'cooling_degree_days': 43.7, 'ventilation_degree_days': 43.7, 'ventilation_wind': 2.720341614906832, 'days_checked': 28}",Heavy,3.234582072648462,1.800405393148847
126,-3.643003628539825,1.876586644287228,10.650028049316909,0.6488809145688609,"{'zone': 16, 'month': 6, 'cooling_degree_days': 15.299999999999997, 'ventilation_degree_days': 15.299999999999997, 'ventilation_wind': 2.1633281573498966, 'days_checked': 42}",Light,4.467555422967935,1.365194210240186
127,-4.323178245989538,2.516534016619068,8.653074446495618,0.7470411285548448,"{'zone': 8, 'month': 10, 'cooling_degree_days': 3.5, 'ventilation_degree_days': 3.5, 'ventilation_wind': 1.3761645962732918, 'days_checked': 7}",Medium,3.9190767435561513,1.15141694447446
128,-4.462862395263551,1.908360797722182,5.550926787060615,0.8788677897409736,"{'zone': 12, 'month': 7, 'cooling_degree_days': 11.350000000000001, 'ventilation_degree_days': 11.350000000000001, 'ventilation_wind': 2.677329192546584, 'days_checked': 21}",Heavy,1.7439881304445772,1.4706894128459669
129,-4.746427019643586,2.9040723670122643,8.9637259124313,0.803631556682223,"{'zone': 11, 'month': 7, 'cooling_degree_days': 59.25, 'ventilation_degree_days': 59.25, 'ventilation_wind': 3.2264233954451345, 'days_checked': 28}",Light,2.166533537881707,2.1614581369282644
130,-3.6731031403079277,2.7049507124297443,3.273088973189457,0.8696752751911352,"{'zone': 14, 'month': 7, 'cooling_degree_days': 55.050000000000004, 'ventilation_degree_days': 38.1, 'ventilation_wind': 4.504021739130435, 'days_checked': 14}",Light,0.5212107605394987,1.8878797312879487
131,-4.420187708509298,2.501412584940847,11.929416518744286,0.8372033467273803,"{'zone': 10, 'month': 4, 'cooling_degree_days': 3.1999999999999993, 'ventilation_degree_days': 3.1999999999999993, 'ventilation_wind': 2.1360766045548654, 'days_checked': 14}",Light,5.954974529571132,1.204218029529066
132,-4.426274600232506,1.0507859498842738,11.335048168325159,0.7075071093406917,"{'zone': 11, 'month': 9, 'cooling_degree_days': 26.400000000000002, 'ventilation_degree_days': 26.400000000000002, 'ventilation_wind': 2.5391563146997926, 'days_checked': 21}",Medium,5.676430825055245,1.176943371472911
133,-4.63157044132109,2.7221424706237523,7.089190617709127,0.6013053607060367,"{'zone': 13, 'month': 6, 'cooling_degree_days': 8.299999999999997, 'ventilation_degree_days': 8.299999999999997, 'ventilation_wind': 4.900854037267081, 'days_checked': 49}",Medium,1.7932160007897702,2.0023505507333716
134,-3.578005649064161,1.5307267684442605,15.508870288085083,0.6159169666885057,"{'zone': 11, 'month': 6, 'cooling_degree_days': 51.999999999999986, 'ventilation_degree_days': 41.05, 'ventilation_wind': 4.051147342995169, 'days_checked': 7}",Heavy,4.807276039827991,1.9509167690594857
135,-3.8397232695465693,2.860874347834642,13.604919226966752,0.7092811391340071,"{'zone': 13, 'month': 7, 'cooling_degree_days': 20.3, 'ventilation_degree_days': 20.3, 'ventilation_wind': 3.556055900621118, 'days_checked': 63}",Medium,4.636368386997872,1.7570243286954068
136,-3.7204280141064787,2.527500347914541,5.926330243109036,0.6483380620603408,"{'zone': 14, 'month': 8, 'cooling_degree_days': 51.95, 'ventilation_degree_days': 42.550000000000004, 'ventilation_wind': 6.544595410628019, 'days_checked': 49}",Heavy,2.291936299125279,1.2128123715653567
137,-4.390492902772801,1.336775396117662,2.673756316656262,0.6775690766515199,"{'zone': 15, 'month': 10, 'cooling_degree_days': 24.199999999999996, 'ventilation_degree_days': 24.199999999999996, 'ventilation_wind': 2.9503623188405794, 'days_checked': 7}",Medium,0.5679304481734126,1.2762813158046022
138,-3.9023285942328148,2.5440527892514435,11.068848719971129,0.7979027429084606,"{'zone': 13, 'month': 8, 'cooling_degree_days': 51.7, 'ventilation_degree_days': 28.700000000000003, 'ventilation_wind': 3.344166666666667, 'days_checked': 21}",Heavy,3.6674537640916824,1.7388562971315875
139,-4.721150181644358,1.1080583200976328,11.180004187318191,0.6033191101299471,"{'zone': 2, 'month': 10, 'cooling_degree_days': 3.5, 'ventilation_degree_days': 3.5, 'ventilation_wind': 1.7220238095238096, 'days_checked': 14}",Light,5.560457040962655,1.1697370495062107
140,-4.278865568246424,1.6074053439508875,6.340384555835471,0.7833453441039486,"{'zone': 14, 'month': 6, 'cooling_degree_days': 18.15, 'ventilation_degree_days': 18.15, 'ventilation_wind': 6.064829192546584, 'days_checked': 7}",Light,1.5920537626621527,1.9293405637753596
141,-4.511031951539755,2.1706181047226227,1.5899535842842742,0.6090860330753347,"{'zone': 15, 'month': 5, 'cooling_degree_days': 49.99999999999999, 'ventilation_degree_days': 39.099999999999994, 'ventilation_wind': 3.9175422705314005, 'days_checked': 7}",Heavy,0.0021617272349578887,2.1561744949033788
142,-4.527143870943927,1.3445811805617227,5.652064161878892,0.6919244790062623,"{'zone': 15, 'month': 4, 'cooling_degree_days': 13.0, 'ventilation_degree_days': 13.0, 'ventilation_wind': 4.184782608695652, 'days_checked': 28}",Medium,1.4758192537895207,1.7813410193379156
143,-4.068094099212488,1.824567549910151,9.854959176248524,0.6219677483613201,"{'zone': 9, 'month': 6, 'cooling_degree_days': 4.300000000000001, 'ventilation_degree_days': 4.300000000000001, 'ventilation_wind': 2.86304347826087, 'days_checked': 49}",Medium,4.827515217502681,1.1578724724660763
144,-3.694704401851077,2.6780436418494173,8.273684988137813,0.8192602048222251,"{'zone': 9, 'month': 6, 'cooling_degree_days': 3.1000000000000014, 'ventilation_degree_days': 3.1000000000000014, 'ventilation_wind': 2.7509316770186336, 'days_checked': 14}",Heavy,3.1827643787243387,1.3608405590902717
145,-4.062960069775565,1.1155503166492977,11.083877341827097,0.6882969774549408,"{'zone': 13, 'month': 9, 'cooling_degree_days': 7.050000000000004, 'ventilation_degree_days': 7.050000000000004, 'ventilation_wind': 2.891459627329193, 'days_checked': 7}",Heavy,4.156638251672604,1.5195395316005047
146,-4.386302342111077,1.4121537926488161,12.90778444591515,0.8237054806940207,"{'zone': 11, 'month': 8, 'cooling_degree_days': 60.9, 'ventilation_degree_days': 50.4, 'ventilation_wind': 3.722131642512077, 'days_checked': 21}",Light,3.5315585018840925,2.1408043554470666
147,-4.525076476427776,2.6184368673662313,14.344662241228425,0.7509601446958575,"{'zone': 8, 'month': 6, 'cooling_degree_days': 3.8000000000000007, 'ventilation_degree_days': 3.8000000000000007, 'ventilation_wind': 1.9695393374741201, 'days_checked': 28}",Heavy,5.710840965462733,1.5339703981954664
148,-4.837759528556112,1.8695829602083975,10.298962416822572,0.6532520662671898,"{'zone': 12, 'month': 8, 'cooling_degree_days': 24.849999999999998, 'ventilation_degree_days': 24.849999999999998, 'ventilation_wind': 2.1785973084886128, 'days_checked': 42}",Medium,3.6398768865777322,1.595685247615023
149,-3.783884138336411,2.540702080121884,16.079895038062148,0.7550151322503096,"{'zone': 13, 'month': 7, 'cooling_degree_days': 50.10000000000001, 'ventilation_degree_days': 50.10000000000001, 'ventilation_wind': 3.2186335403726707, 'days_checked': 28}",Medium,4.840518104614804,2.1300064242264805
150,-4.449358413708742,2.5442516810787525,4.726977174889482,0.7023485937331885,"{'zone': 16, 'month': 8, 'cooling_degree_days': 22.1, 'ventilation_degree_days': 22.1, 'ventilation_wind': 2.203623188405797, 'days_checked': 14}",Light,1.177326155071397,1.6787891085371163
151,-3.959182689870755,2.8720849730681604,7.975204856629346,0.6745136834834908,"{'zone': 9, 'month': 4, 'cooling_degree_days': 3.150000000000002, 'ventilation_degree_days': 3.150000000000002, 'ventilation_wind': 2.7049689440993783, 'days_checked': 35}",Heavy,2.183178438310044,1.9170544450629081
152,-3.7560309476927314,2.473853937932624,2.68726846690138,0.601056955065872,"{'zone': 10, 'month': 8, 'cooling_degree_days': 47.900000000000006, 'ventilation_degree_days': 47.900000000000006, 'ventilation_wind': 2.3804865424430637, 'days_checked': 7}",Heavy,0.39439873427119876,1.1402091138728676
153,-3.9575210897357813,2.23647920358619,12.060786629860496,0.883522673083766,"{'zone': 11, 'month': 6, 'cooling_degree_days': 16.149999999999995, 'ventilation_degree_days': 16.149999999999995, 'ventilation_wind': 3.886878881987578, 'days_checked': 77}",Medium,4.806568318127404,1.4648093580871633
154,-4.553950214896057,2.019027801285298,11.352585485221306,0.7490165520621392,"{'zone': 11, 'month': 6, 'cooling_degree_days': 19.399999999999995, 'ventilation_degree_days': 19.399999999999995, 'ventilation_wind': 4.123291925465838, 'days_checked': 49}",Heavy,3.2093333240341617,2.027067117164793
155,-4.597133380793062,1.0591104074845747,5.131454289448309,0.605822694142194,"{'zone': 15, 'month': 6, 'cooling_degree_days': 70.55000000000001, 'ventilation_degree_days': 70.55000000000001, 'ventilation_wind': 3.325439958592132, 'days_checked': 35}",Heavy,1.6955685559402525,1.3532337236101002
156,-4.67677697239509,2.7345916876120473,4.056058232949633,0.8708629757623776,"{'zone': 4, 'month': 7, 'cooling_degree_days': 22.7, 'ventilation_degree_days': 22.7, 'ventilation_wind': 2.974844720496894, 'days_checked': 14}",Medium,0.7957089285066177,1.7676390670377065
157,-4.564554424520157,2.729820559809687,3.480459052276813,0.695137886656138,"{'zone': 8, 'month': 8, 'cooling_degree_days': 3.75, 'ventilation_degree_days': 3.75, 'ventilation_wind': 2.088354037267081, 'days_checked': 21}",Heavy,0.6586320341323855,1.6343023964511834
158,-4.160864262427755,2.7334172535764925,5.354335473031631,0.6611510624913378,"{'zone': 15, 'month': 5, 'cooling_degree_days': 49.99999999999999, 'ventilation_degree_days': 39.099999999999994, 'ventilation_wind': 3.9175422705314005, 'days_checked': 35}",Medium,1.9218647286588204,1.2161814388271914
159,-4.39158359286425,1.1290754136979453,5.8388564957234665,0.6342833958611999,"{'zone': 11, 'month': 6, 'cooling_degree_days': 56.94999999999999, 'ventilation_degree_days': 37.69999999999999, 'ventilation_wind': 3.813586956521739, 'days_checked': 35}",Heavy,1.92137942019273,1.2776334981585984
160,-4.161711233916934,1.8322779474251647,10.191108123793706,0.8271905482988834,"{'zone': 13, 'month': 7, 'cooling_degree_days': 35.650000000000006, 'ventilation_degree_days': 35.650000000000006, 'ventilation_wind': 3.3459109730848864, 'days_checked': 7}",Light,2.7901742438322565,1.9798681892555012
161,-3.9906224539501647,1.7693895416715821,5.97100192120979,0.7704358818746027,"{'zone': 13, 'month': 6, 'cooling_degree_days': 38.15, 'ventilation_degree_days': 18.15, 'ventilation_wind': 4.158297101449276, 'days_checked': 7}",Light,2.157548410197177,1.3150027642204751
162,-4.282477901896311,1.476044523596924,11.08515457547401,0.7238943082999032,"{'zone': 14, 'month': 6, 'cooling_degree_days': 21.5, 'ventilation_degree_days': 21.5, 'ventilation_wind': 5.843711180124223, 'days_checked': 28}",Medium,4.360653316268659,1.4613634769621011
163,-4.736787170239727,1.921256050446714,2.0022090695674866,0.7070643757446776,"{'zone': 15, 'month': 7, 'cooling_degree_days': 98.30000000000001, 'ventilation_degree_days': 11.200000000000003, 'ventilation_wind': 4.0125, 'days_checked': 7}",Light,0.012149435626139349,1.5289821552223501
164,-4.726887458472759,1.708378178775022,5.416499132065617,0.7625743571001152,"{'zone': 16, 'month': 9, 'cooling_degree_days': 3.25, 'ventilation_degree_days': 3.25, 'ventilation_wind': 2.1594979296066255, 'days_checked': 21}",Medium,1.8810170037441853,1.2451477466836143
165,-4.865404593694192,1.7682493078330015,7.256495272603799,0.7629308240094119,"{'zone': 8, 'month': 7, 'cooling_degree_days': 23.650000000000002, 'ventilation_degree_days': 23.650000000000002, 'ventilation_wind': 1.6971273291925468, 'days_checked': 35}",Heavy,2.912953220300465,1.2657182522293406
166,-4.590314758435369,1.436710616024025,9.264557740482665,0.8136461398209391,"{'zone': 12, 'month': 6, 'cooling_degree_days': 9.25, 'ventilation_degree_days': 9.25, 'ventilation_wind': 3.6687888198757763, 'days_checked': 7}",Medium,3.9123632100607284,1.300143337255109
167,-4.562127775120359,2.56697006737509,8.461341463058654,0.6747657083074937,"{'zone': 11, 'month': 5, 'cooling_degree_days': 14.0, 'ventilation_degree_days': 14.0, 'ventilation_wind': 3.302277432712216, 'days_checked': 7}",Medium,3.3343869071589025,1.3210269838114825
168,-3.8027844619722493,2.7817910579928533,5.866816914469252,0.6276315719755801,"{'zone': 16, 'month': 8, 'cooling_degree_days': 22.1, 'ventilation_degree_days': 22.1, 'ventilation_wind': 2.3143374741200833, 'days_checked': 70}",Heavy,2.412205116942756,1.161569221811241
169,-4.133048036690513,1.922217059992983,11.205490866330566,0.8995976625175943,"{'zone': 9, 'month': 7, 'cooling_degree_days': 7.149999999999999, 'ventilation_degree_days': 7.149999999999999, 'ventilation_wind': 2.403442028985507, 'days_checked': 35}",Heavy,3.48940832938824,1.8197325307922787
170,-4.923552860559214,1.497348128402089,5.293986608784745,0.7645997277329734,"{'zone': 14, 'month': 9, 'cooling_degree_days': 31.750000000000004, 'ventilation_degree_days': 31.750000000000004, 'ventilation_wind': 3.9406573498964805, 'days_checked': 56}",Light,1.2143684221642659,1.9528557302088019
171,-4.465623791220057,1.8192320497698893,3.37689413132372,0.781414566219203,"{'zone': 11, 'month': 6, 'cooling_degree_days': 12.499999999999996, 'ventilation_degree_days': 12.499999999999996, 'ventilation_wind': 3.8196687370600415, 'days_checked': 14}",Medium,0.8432523984072315,1.3604551589753147
172,-4.918468631398934,1.8655606359709307,12.363641042321449,0.8565499246632134,"{'zone': 13, 'month': 7, 'cooling_degree_days': 73.0, 'ventilation_degree_days': 29.499999999999996, 'ventilation_wind': 3.0820652173913046, 'days_checked': 7}",Heavy,4.782609498351509,1.5389792164077258
173,-4.119097518998839,2.9978548265570266,7.1858377458792075,0.6581750765265119,"{'zone': 15, 'month': 9, 'cooling_degree_days': 75.75, 'ventilation_degree_days': 20.300000000000004, 'ventilation_wind': 3.3666666666666663, 'days_checked': 147}",Light,2.4751857359437457,1.4448542324297413
174,-4.319541359474657,2.8961371248515313,5.388221197913344,0.8262221095397011,"{'zone': 13, 'month': 8, 'cooling_degree_days': 43.7, 'ventilation_degree_days': 43.7, 'ventilation_wind': 3.3237836438923396, 'days_checked': 35}",Heavy,1.860715528657736,1.1986883918441755
175,-4.044814001778895,2.9684130686412145,6.063547188614194,0.6118845700422697,"{'zone': 12, 'month': 7, 'cooling_degree_days': 32.599999999999994, 'ventilation_degree_days': 32.599999999999994, 'ventilation_wind': 2.798369565217391, 'days_checked': 21}",Light,2.3509655185019502,1.1580506015677794
176,-3.9608475102201215,2.9932602407455837,10.457227559567883,0.6096754505297847,"{'zone': 16, 'month': 9, 'cooling_degree_days': 3.25, 'ventilation_degree_days': 3.25, 'ventilation_wind': 2.0829710144927533, 'days_checked': 7}",Medium,5.0010450749845115,1.1995312449500393
177,-3.5832041003757777,1.6290486468135024,17.091089562430046,0.7608729812597583,"{'zone': 15, 'month': 4, 'cooling_degree_days': 13.0, 'ventilation_degree_days': 13.0, 'ventilation_wind': 2.955305383022775, 'days_checked': 63}",Medium,5.821922040244598,1.870616651597127
178,-4.624220215984016,2.4362620920932416,8.040244494882408,0.8158050633722568,"{'zone': 10, 'month': 10, 'cooling_degree_days': 14.600000000000001, 'ventilation_degree_days': 14.600000000000001, 'ventilation_wind': 1.6235248447204966, 'days_checked': 21}",Heavy,3.4002353364626305,1.2441081921550896
179,-4.1369396057733,1.2988918519475887,8.996571714335861,0.7469408091271297,"{'zone': 13, 'month': 7, 'cooling_degree_days': 50.2, 'ventilation_degree_days': 38.95, 'ventilation_wind': 3.349305555555556, 'days_checked': 14}",Light,3.4013488656516575,1.4318007084354174
180,-4.103739014747815,1.62555976979072,14.872556659658054,0.7650600345122984,"{'zone': 6, 'month': 8, 'cooling_degree_days': 3.049999999999997, 'ventilation_degree_days': 3.049999999999997, 'ventilation_wind': 4.339880952380953, 'days_checked': 14}",Light,5.504463579303798,1.701603728669597
181,-4.224208114836007,2.3956055020745968,2.5110679810985457,0.6105817179371755,"{'zone': 14, 'month': 10, 'cooling_degree_days': 4.700000000000003, 'ventilation_degree_days': 4.700000000000003, 'ventilation_wind': 5.113793995859213, 'days_checked': 7}",Heavy,0.21905307259552953,1.9135575186469058
182,-4.267442657104873,2.6494320974546666,13.349025464678046,0.7131565823707787,"{'zone': 10, 'month': 10, 'cooling_degree_days': 5.600000000000001, 'ventilation_degree_days': 5.600000000000001, 'ventilation_wind': 1.5072722567287786, 'days_checked': 21}",Heavy,5.718121406994758,1.423589021511092
183,-4.394513022451193,2.2042567598819307,10.91668224150461,0.8221536512462132,"{'zone': 14, 'month': 6, 'cooling_degree_days': 18.15, 'ventilation_degree_days': 18.15, 'ventilation_wind': 6.064829192546584, 'days_checked': 42}",Medium,2.9557825127159916,2.02000235342073
184,-4.556469202048524,2.1331552970140892,2.6662267615092556,0.6617637172698402,"{'zone': 14, 'month': 9, 'cooling_degree_days': 12.649999999999999, 'ventilation_degree_days': 12.649999999999999, 'ventilation_wind': 5.234704968944099, 'days_checked': 14}",Heavy,0.5895875481383026,1.5300533301504509
185,-4.341248731142772,2.5948605465654984,10.874846484863173,0.7107791822517854,"{'zone': 15, 'month': 7, 'cooling_degree_days': 86.75, 'ventilation_degree_days': 26.5, 'ventilation_wind': 3.1903079710144926, 'days_checked': 28}",Medium,4.508342882203966,1.389662219597541
186,-4.961482600127416,1.7863040790743943,5.443810960906525,0.8514117887731498,"{'zone': 8, 'month': 8, 'cooling_degree_days': 13.600000000000005, 'ventilation_degree_days': 13.600000000000005, 'ventilation_wind': 2.013923395445134, 'days_checked': 21}",Heavy,1.7404651154949449,1.3158485172737922
187,-4.612983940098467,2.672523241912118,10.341093657260515,0.7675857105801923,"{'zone': 2, 'month': 6, 'cooling_degree_days': 4.75, 'ventilation_degree_days': 4.75, 'ventilation_wind': 2.130771221532091, 'days_checked': 49}",Light,5.1009527565074935,1.1683547398810892
188,-3.5402219651067726,2.7709194115354028,2.503585154159483,0.7009924664823393,"{'zone': 11, 'month': 8, 'cooling_degree_days': 43.45, 'ventilation_degree_days': 43.45, 'ventilation_wind': 3.723291925465839, 'days_checked': 7}",Light,0.25478683265737634,1.219864803469139
189,-4.623878081597209,2.1110378953348024,12.247000705712411,0.7458050786087593,"{'zone': 14, 'month': 7, 'cooling_degree_days': 8.600000000000001, 'ventilation_degree_days': 8.600000000000001, 'ventilation_wind': 5.472075569358178, 'days_checked': 14}",Heavy,5.713968172402641,1.289185800811104
190,-3.5573970643861004,1.239752450757061,11.22517810980683,0.746598696832241,"{'zone': 15, 'month': 6, 'cooling_degree_days': 71.75, 'ventilation_degree_days': 61.150000000000006, 'ventilation_wind': 3.2674818840579705, 'days_checked': 14}",Medium,4.054098236135642,1.5731255603014311
191,-4.230496286539343,1.8136229656739085,7.80349576992107,0.7218917629884394,"{'zone': 10, 'month': 8, 'cooling_degree_days': 46.7, 'ventilation_degree_days': 46.7, 'ventilation_wind': 2.35018115942029, 'days_checked': 7}",Heavy,3.5521834106271744,1.1171082368637761
192,-4.696769839460961,2.4641851873947447,18.766075757465597,0.7663748669016148,"{'zone': 12, 'month': 5, 'cooling_degree_days': 10.0, 'ventilation_degree_days': 10.0, 'ventilation_wind': 3.7011387163561076, 'days_checked': 14}",Heavy,5.715347384519494,2.0274889925885167
193,-3.8916931257927017,2.2933727489865143,12.963685429890509,0.6412912898509212,"{'zone': 8, 'month': 10, 'cooling_degree_days': 14.049999999999997, 'ventilation_degree_days': 14.049999999999997, 'ventilation_wind': 1.4966097308488613, 'days_checked': 35}",Heavy,4.003628570503595,1.8823368411685355
194,-4.585478983659894,1.8654354177200851,5.3361989898229405,0.7419783376982743,"{'zone': 15, 'month': 9, 'cooling_degree_days': 55.45, 'ventilation_degree_days': 43.7, 'ventilation_wind': 3.9097222222222228, 'days_checked': 42}",Medium,1.2914867534365775,1.9048712215754604
195,-3.517500009216578,2.5725695822360977,16.48979903433282,0.7323442883435622,"{'zone': 15, 'month': 5, 'cooling_degree_days': 14.849999999999998, 'ventilation_degree_days': 14.849999999999998, 'ventilation_wind': 3.697101449275362, 'days_checked': 7}",Light,5.181596997567209,1.92886718175683
196,-4.237286776415264,1.0764894833458014,2.70366538348889,0.6424469994806126,"{'zone': 13, 'month': 7, 'cooling_degree_days': 27.950000000000003, 'ventilation_degree_days': 27.950000000000003, 'ventilation_wind': 3.3563405797101455, 'days_checked': 49}",Heavy,0.6154059679187107,1.5391646574512725
197,-3.9048170274262657,1.0109623453451773,18.830576386811398,0.6929071467187573,"{'zone': 15, 'month': 3, 'cooling_degree_days': 3.200000000000003, 'ventilation_degree_days': 3.200000000000003, 'ventilation_wind': 2.862551759834368, 'days_checked': 42}",Medium,5.929388568342643,1.9844810449920622
198,-3.5374003737848527,2.5094930447051276,13.779972754258853,0.6377134289532633,"{'zone': 14, 'month': 6, 'cooling_degree_days': 15.999999999999993, 'ventilation_degree_days': 15.999999999999993, 'ventilation_wind': 6.937965838509316, 'days_checked': 14}",Heavy,4.061195734367653,2.0871132209424768
199,-3.577285147569815,1.3198573952935462,8.158129439594305,0.8131740140062003,"{'zone': 8, 'month': 8, 'cooling_degree_days': 4.950000000000003, 'ventilation_degree_days': 4.950000000000003, 'ventilation_wind': 2.0119824016563146, 'days_checked': 14}",Light,2.4971209626764814,1.6720305329843725
200,-4.262800912417367,2.4862500385421917,5.456310977716259,0.779256906151389,"{'zone': 13, 'month': 7, 'cooling_degree_days': 68.39999999999999, 'ventilation_degree_days': 34.95, 'ventilation_wind': 3.138541666666667, 'days_checked': 77}",Heavy,1.533683974538725,1.5764700657203052
201,-4.627005005692137,1.9676395139805936,13.003336797363826,0.8395631781125842,"{'zone': 13, 'month': 6, 'cooling_degree_days': 18.499999999999993, 'ventilation_degree_days': 18.499999999999993, 'ventilation_wind': 5.008902691511387, 'days_checked': 21}",Heavy,5.116883011341271,1.5272404279174023
202,-4.539334148190924,1.326753248762623,7.449449581619509,0.772560119018881,"{'zone': 9, 'month': 9, 'cooling_degree_days': 46.45, 'ventilation_degree_days': 46.45, 'ventilation_wind': 2.376656314699793, 'days_checked': 70}",Medium,2.4141898703180393,1.5366317868501334
203,-4.228016418975392,2.4351587239932444,7.523502070966255,0.7318711083446315,"{'zone': 6, 'month': 10, 'cooling_degree_days': 4.0, 'ventilation_degree_days': 4.0, 'ventilation_wind': 2.599611801242236, 'days_checked': 21}",Light,2.3589409359184517,1.6225667821363507
204,-4.078121402254361,2.5054427133321453,10.434539115989093,0.7581539711216446,"{'zone': 15, 'month': 10, 'cooling_degree_days': 25.9, 'ventilation_degree_days': 25.9, 'ventilation_wind': 3.1655538302277435, 'days_checked': 14}",Heavy,3.2591418872785693,1.80429964213979
205,-4.194176137620413,2.697229292082653,16.493743518885715,0.834721825628006,"{'zone': 12, 'month': 7, 'cooling_degree_days': 12.899999999999999, 'ventilation_degree_days': 12.899999999999999, 'ventilation_wind': 2.7282867494824012, 'days_checked': 14}",Light,4.968118661579502,2.1384086469860892
206,-4.443556055117978,2.3886996665182427,8.972679981345308,0.8711813350448494,"{'zone': 4, 'month': 9, 'cooling_degree_days': 4.5, 'ventilation_degree_days': 4.5, 'ventilation_wind': 2.9926242236024847, 'days_checked': 42}",Light,2.3916946017669733,2.0478828393839352
207,-4.8026990374602665,2.158420778257308,12.60663795675424,0.7018816202294349,"{'zone': 11, 'month': 5, 'cooling_degree_days': 23.650000000000002, 'ventilation_degree_days': 23.650000000000002, 'ventilation_wind': 3.3589544513457557, 'days_checked': 35}",Heavy,4.356721279897663,1.7220484133133211
208,-3.895274342460302,2.687830975942326,12.623871438086402,0.8736818659909273,"{'zone': 15, 'month': 10, 'cooling_degree_days': 4.699999999999999, 'ventilation_degree_days': 4.699999999999999, 'ventilation_wind': 2.775362318840579, 'days_checked': 91}",Heavy,3.9609886496384377,1.878831225009646
209,-3.862325256178229,1.3142676101956192,10.368087418373332,0.8726419134791134,"{'zone': 13, 'month': 8, 'cooling_degree_days': 54.15, 'ventilation_degree_days': 54.15, 'ventilation_wind': 3.0917443064182195, 'days_checked': 35}",Light,4.135183745040735,1.4029655531424226
210,-4.425972500054569,2.9015297897223826,17.497991740986084,0.8232426382357638,"{'zone': 15, 'month': 10, 'cooling_degree_days': 33.15, 'ventilation_degree_days': 33.15, 'ventilation_wind': 2.8683229813664597, 'days_checked': 14}",Light,5.760548322216767,1.973628049027821
211,-4.0879868846616,2.9981274048877724,13.506920112772555,0.8813150836218562,"{'zone': 10, 'month': 6, 'cooling_degree_days': 3.9499999999999993, 'ventilation_degree_days': 3.9499999999999993, 'ventilation_wind': 2.3558229813664595, 'days_checked': 21}",Medium,4.1206670397544665,2.023520416743694
212,-4.019846058501814,1.4701163442991412,1.5143478558978578,0.651516510462967,"{'zone': 11, 'month': 10, 'cooling_degree_days': 14.200000000000003, 'ventilation_degree_days': 14.200000000000003, 'ventilation_wind': 2.123835403726708, 'days_checked': 35}",Heavy,0.22194077249696287,1.4851062824698513
213,-4.519285810805278,1.4267864465404065,3.729173163712246,0.8059642084302987,"{'zone': 15, 'month': 6, 'cooling_degree_days': 72.75000000000001, 'ventilation_degree_days': 36.150000000000006, 'ventilation_wind': 3.3654891304347827, 'days_checked': 7}",Heavy,0.9859586645342111,1.4594172478801515
214,-3.724917334001928,2.911949790137491,16.359283588152852,0.8592524138255768,"{'zone': 15, 'month': 4, 'cooling_degree_days': 3.4499999999999993, 'ventilation_degree_days': 3.4499999999999993, 'ventilation_wind': 4.601733954451345, 'days_checked': 14}",Light,5.784075017946591,1.7801155983539816
215,-4.290260749856215,1.0434307760852477,6.2578985554495725,0.601980169476314,"{'zone': 6, 'month': 10, 'cooling_degree_days': 7.699999999999999, 'ventilation_degree_days': 7.699999999999999, 'ventilation_wind': 2.5088250517598345, 'days_checked': 21}",Medium,1.5034583090163083,2.0386126110831917
216,-4.426544683265618,1.6830163333983035,12.032591304966372,0.7661609698659764,"{'zone': 8, 'month': 5, 'cooling_degree_days': 4.25, 'ventilation_degree_days': 4.25, 'ventilation_wind': 2.005900621118012, 'days_checked': 63}",Heavy,5.99956792632161,1.2075400614785408
217,-4.175293464981615,2.600815863854887,10.234668376109845,0.8137701931131202,"{'zone': 11, 'month': 9, 'cooling_degree_days': 22.150000000000002, 'ventilation_degree_days': 22.150000000000002, 'ventilation_wind': 2.599042443064182, 'days_checked': 7}",Medium,4.224705895163814,1.3621280120838115
218,-4.383352882564036,1.670592015600046,8.59531657917451,0.795311873442029,"{'zone': 13, 'month': 5, 'cooling_degree_days': 13.900000000000002, 'ventilation_degree_days': 13.900000000000002, 'ventilation_wind': 3.2414078674948246, 'days_checked': 35}",Light,2.2102713491923804,1.9677540245172342
219,-3.787458334858079,1.2700242716509742,11.831020477791888,0.8712417784356965,"{'zone': 8, 'month': 8, 'cooling_degree_days': 20.150000000000002, 'ventilation_degree_days': 20.150000000000002, 'ventilation_wind': 1.6501293995859214, 'days_checked': 21}",Medium,3.10130623509981,2.1001356276741334
220,-3.6617484580117132,2.4055836815114615,3.3433902222366023,0.7640194660961632,"{'zone': 8, 'month': 8, 'cooling_degree_days': 20.95, 'ventilation_degree_days': 20.95, 'ventilation_wind': 1.474611801242236, 'days_checked': 105}",Light,0.5755327924178524,2.1309231545443463
221,-4.182144917402288,2.4580519563184855,8.63601294864478,0.6289445050326018,"{'zone': 12, 'month': 7, 'cooling_degree_days': 10.749999999999996, 'ventilation_degree_days': 10.749999999999996, 'ventilation_wind': 3.672308488612836, 'days_checked': 28}",Heavy,2.4888102727971297,1.8747786871250873
222,-4.743692701309256,2.4433785810222495,6.334847087823211,0.8723778909846327,"{'zone': 5, 'month': 10, 'cooling_degree_days': 9.500000000000004, 'ventilation_degree_days': 9.500000000000004, 'ventilation_wind': 2.5407608695652177, 'days_checked': 7}",Medium,2.3877969896692828,1.285731531541323
223,-3.529373945794587,1.0270210576801093,4.343030845354784,0.7451396021603522,"{'zone': 4, 'month': 6, 'cooling_degree_days': 3.1000000000000014, 'ventilation_degree_days': 3.1000000000000014, 'ventilation_wind': 4.9729554865424435, 'days_checked': 105}",Light,1.0881140436936108,1.69312521244616
224,-4.089627805220813,1.7812209401969596,13.47241277204186,0.8613710586514731,"{'zone': 15, 'month': 5, 'cooling_degree_days': 57.349999999999994, 'ventilation_degree_days': 24.249999999999993, 'ventilation_wind': 3.937273550724638, 'days_checked': 42}",Medium,5.674617302577367,1.4534965859377766
225,-4.688053619565493,2.1955962095189903,5.278525595844776,0.7186371129609253,"{'zone': 14, 'month': 5, 'cooling_degree_days': 19.4, 'ventilation_degree_days': 19.4, 'ventilation_wind': 6.26922877846791, 'days_checked': 63}",Light,1.5561240756802492,1.318653930409944
226,-4.752165482747806,2.8214935576356526,10.732265696594093,0.6876149346832805,"{'zone': 13, 'month': 9, 'cooling_degree_days': 34.45, 'ventilation_degree_days': 34.45, 'ventilation_wind': 2.6582556935817805, 'days_checked': 28}",Medium,4.387082358879317,1.3966295971959934
227,-4.580122433861341,2.9176078431742605,3.083941314947246,0.7985687539589018,"{'zone': 15, 'month': 8, 'cooling_degree_days': 82.89999999999999, 'ventilation_degree_days': 22.299999999999997, 'ventilation_wind': 3.29375, 'days_checked': 21}",Light,0.3935383909251122,1.4486060606149875
228,-4.872978805306289,1.4636895014141114,6.379946238677178,0.8545769463500503,"{'zone': 15, 'month': 5, 'cooling_degree_days': 62.74999999999999, 'ventilation_degree_days': 50.4, 'ventilation_wind': 4.227777777777778, 'days_checked': 14}",Heavy,2.130765257444402,1.3594219907672969
229,-4.233961736092804,1.8999539178599953,9.275326477915876,0.7049123665436745,"{'zone': 10, 'month': 6, 'cooling_degree_days': 3.9499999999999993, 'ventilation_degree_days': 3.9499999999999993, 'ventilation_wind': 2.4332298136645965, 'days_checked': 7}",Light,4.096988917251324,1.245864566472958
230,-4.089163030189608,1.363904871807265,11.049255608303412,0.7461044415199712,"{'zone': 15, 'month': 7, 'cooling_degree_days': 73.15, 'ventilation_degree_days': 46.8, 'ventilation_wind': 3.8396014492753623, 'days_checked': 7}",Light,5.797945370811598,1.1271486423166341
231,-4.76947914104475,1.2356065326911092,4.513945204051487,0.8122493254552906,"{'zone': 15, 'month': 10, 'cooling_degree_days': 23.150000000000002, 'ventilation_degree_days': 23.150000000000002, 'ventilation_wind': 2.9669772256728777, 'days_checked': 42}",Heavy,1.7136266298779153,1.1310409137566537
232,-3.7017995250248164,1.0155396600814974,3.7149301352545923,0.766484699398625,"{'zone': 12, 'month': 7, 'cooling_degree_days': 40.3, 'ventilation_degree_days': 40.3, 'ventilation_wind': 2.714492753623188, 'days_checked': 14}",Medium,0.7467752454268011,1.175747343593412
233,-4.373888577458771,1.1502009443467687,11.022051752719545,0.6296991084980761,"{'zone': 4, 'month': 6, 'cooling_degree_days': 5.449999999999999, 'ventilation_degree_days': 5.449999999999999, 'ventilation_wind': 3.883514492753623, 'days_checked': 28}",Heavy,3.222513529421674,1.8568780655904105
234,-3.517612883907816,2.4781174982550853,16.64089380704297,0.8835831954296063,"{'zone': 9, 'month': 7, 'cooling_degree_days': 20.35, 'ventilation_degree_days': 20.35, 'ventilation_wind': 2.982686335403727, 'days_checked': 35}",Heavy,5.437832500788057,1.9366667270296714
235,-3.8981823374208093,1.6915052494786802,13.686263352073034,0.7479133325326571,"{'zone': 9, 'month': 9, 'cooling_degree_days': 33.25, 'ventilation_degree_days': 33.25, 'ventilation_wind': 2.694927536231884, 'days_checked': 14}",Light,4.7091920278910795,1.733871700931925
236,-4.492451024236167,1.0975669709368394,11.266402633033513,0.6886318288190287,"{'zone': 13, 'month': 6, 'cooling_degree_days': 19.499999999999996, 'ventilation_degree_days': 19.499999999999996, 'ventilation_wind': 4.674767080745341, 'days_checked': 28}",Heavy,3.178676305539841,1.983714722705403
237,-4.903398641214709,1.2816782967962814,10.814844506017947,0.8886278914529926,"{'zone': 12, 'month': 7, 'cooling_degree_days': 46.0, 'ventilation_degree_days': 46.0, 'ventilation_wind': 2.4074534161490684, 'days_checked': 7}",Light,3.9030906095755347,1.5865291366814334
238,-4.57103339398488,1.7634785479166784,9.320002156127101,0.6159359535815527,"{'zone': 15, 'month': 7, 'cooling_degree_days': 81.55000000000001, 'ventilation_degree_days': 44.75, 'ventilation_wind': 3.2594202898550724, 'days_checked': 7}",Heavy,3.065484903125299,1.641099528544199
239,-4.137327461063266,2.8713712452435955,2.656416715115962,0.7167157013631213,"{'zone': 13, 'month': 10, 'cooling_degree_days': 4.850000000000001, 'ventilation_degree_days': 4.850000000000001, 'ventilation_wind': 1.4561594202898551, 'days_checked': 21}",Light,0.5318074414772038,1.6777714973150157
240,-3.775909380278418,1.0264131423435434,6.311529304378515,0.6865906950769387,"{'zone': 2, 'month': 7, 'cooling_degree_days': 3.75, 'ventilation_degree_days': 3.75, 'ventilation_wind': 2.254787784679089, 'days_checked': 7}",Heavy,1.5460951524247057,1.946310058702816
241,-3.8496991784182795,1.0653434671164983,6.833266484335609,0.7254948920779549,"{'zone': 15, 'month': 6, 'cooling_degree_days': 67.2, 'ventilation_degree_days': 67.2, 'ventilation_wind': 3.962370600414079, 'days_checked': 28}",Medium,2.213108494785417,1.4930118723034298
242,-4.703411458855367,1.2374998574908742,7.106699730988513,0.8783586427900988,"{'zone': 15, 'month': 5, 'cooling_degree_days': 68.19999999999999, 'ventilation_degree_days': 35.099999999999994, 'ventilation_wind': 3.589628623188406, 'days_checked': 84}",Light,2.5934488426534834,1.3618938966560707
243,-4.476780613407002,1.0153033733633685,11.824628624037665,0.8180469131246131,"{'zone': 15, 'month': 10, 'cooling_degree_days': 6.5, 'ventilation_degree_days': 6.5, 'ventilation_wind': 2.407971014492754, 'days_checked': 7}",Heavy,5.708814182886028,1.2332406874013442
244,-4.604224031607948,2.163459662926625,7.937908036489452,0.6736534570179489,"{'zone': 9, 'month': 7, 'cooling_degree_days': 7.149999999999999, 'ventilation_degree_days': 7.149999999999999, 'ventilation_wind': 2.5756469979296064, 'days_checked': 28}",Medium,1.8613775139624869,2.1379506274825575
245,-4.919468523056029,1.8320500779391962,10.493907875733784,0.6715623242294183,"{'zone': 14, 'month': 6, 'cooling_degree_days': 11.849999999999994, 'ventilation_degree_days': 11.849999999999994, 'ventilation_wind': 7.211024844720497, 'days_checked': 35}",Light,4.32056117209313,1.3754581096641003
246,-4.552899406658014,2.3123625385063793,3.5620585277906684,0.7354857878737294,"{'zone': 12, 'month': 6, 'cooling_degree_days': 15.399999999999999, 'ventilation_degree_days': 15.399999999999999, 'ventilation_wind': 3.39878364389234, 'days_checked': 49}",Medium,0.6128335991542546,1.3916823088704904
247,-4.217175788456573,2.796789422276272,11.296351563397485,0.7167494295119483,"{'zone': 9, 'month': 9, 'cooling_degree_days': 24.55, 'ventilation_degree_days': 24.55, 'ventilation_wind': 2.629684265010352, 'days_checked': 35}",Medium,4.919607353813315,1.3320076049889795
248,-3.6612184718639944,1.8508832018875694,11.519482999419381,0.8680614176330957,"{'zone': 15, 'month': 5, 'cooling_degree_days': 68.9, 'ventilation_degree_days': 35.8, 'ventilation_wind': 4.501041666666667, 'days_checked': 49}",Light,2.988126326896638,2.1041093011793155
249,-3.710405466216885,1.4813961118261854,3.4524203019431763,0.8122646049176646,"{'zone': 10, 'month': 4, 'cooling_degree_days': 3.1999999999999993, 'ventilation_degree_days': 3.1999999999999993, 'ventilation_wind': 2.1462474120082815, 'days_checked': 14}",Heavy,0.6171908991797139,1.588758544826014
250,-4.343008022235054,2.769530818548027,7.9358905009416585,0.6246626019947521,"{'zone': 13, 'month': 9, 'cooling_degree_days': 22.65, 'ventilation_degree_days': 22.65, 'ventilation_wind': 2.7866459627329196, 'days_checked': 98}",Heavy,2.2096919986854955,1.8884429756140912
251,-4.010245044584154,2.7333563770890876,2.3709593802447264,0.7978410487908658,"{'zone': 9, 'month': 8, 'cooling_degree_days': 18.799999999999997, 'ventilation_degree_days': 18.799999999999997, 'ventilation_wind': 2.216977225672878, 'days_checked': 7}",Heavy,0.24600818416900605,1.9960388029622622
252,-3.9244761137789026,2.9179023511139444,8.490759651057878,0.627802344018012,"{'zone': 7, 'month': 10, 'cooling_degree_days': 4.5, 'ventilation_degree_days': 4.5, 'ventilation_wind': 2.4455745341614903, 'days_checked': 49}",Heavy,3.7944008227109602,1.1668510322369983
253,-3.948206175240776,2.575058612672546,14.774941355128956,0.7980590200668695,"{'zone': 16, 'month': 8, 'cooling_degree_days': 3.1499999999999986, 'ventilation_degree_days': 3.1499999999999986, 'ventilation_wind': 2.3600931677018635, 'days_checked': 14}",Heavy,5.580851305185609,1.6742792626480107
254,-4.143049684590151,1.3147376778362228,15.841740049932485,0.6509172689298787,"{'zone': 4, 'month': 6, 'cooling_degree_days': 5.449999999999999, 'ventilation_degree_days': 5.449999999999999, 'ventilation_wind': 3.690967908902692, 'days_checked': 42}",Heavy,5.686193010537625,1.7379936049937585
255,-4.23032459945177,1.8414652802740374,11.220668039721657,0.8374429191231594,"{'zone': 13, 'month': 8, 'cooling_degree_days': 56.599999999999994, 'ventilation_degree_days': 45.449999999999996, 'ventilation_wind': 2.7432367149758456, 'days_checked': 84}",Light,4.817570158507011,1.3577923414878492
256,-4.0436908524973925,1.6189795044496613,15.925144144431822,0.77327013977937,"{'zone': 9, 'month': 7, 'cooling_degree_days': 7.149999999999999, 'ventilation_degree_days': 7.149999999999999, 'ventilation_wind': 2.403442028985507, 'days_checked': 28}",Light,5.93530593126226,1.6873546627464764
257,-4.4930539876329085,2.387182608268793,8.140676915591087,0.8641316774138487,"{'zone': 15, 'month': 3, 'cooling_degree_days': 3.6000000000000014, 'ventilation_degree_days': 3.6000000000000014, 'ventilation_wind': 2.914466873706004, 'days_checked': 63}",Medium,3.0755043938973268,1.3856773440839054
258,-4.487434243471986,1.168385776260875,9.891562194356863,0.7869659846690629,"{'zone': 15, 'month': 5, 'cooling_degree_days': 14.849999999999998, 'ventilation_degree_days': 14.849999999999998, 'ventilation_wind': 4.99896480331263, 'days_checked': 28}",Heavy,4.844734201705842,1.1463451467593242
259,-4.8397022172550574,2.4566591166804264,17.02641047495728,0.6629032561874776,"{'zone': 11, 'month': 8, 'cooling_degree_days': 32.8, 'ventilation_degree_days': 32.8, 'ventilation_wind': 3.5720755693581787, 'days_checked': 21}",Light,5.544092050927368,1.919155365881066
260,-4.532559354261631,2.4787666693045933,10.853294206778834,0.8963774908612565,"{'zone': 6, 'month': 7, 'cooling_degree_days': 3.200000000000003, 'ventilation_degree_days': 3.200000000000003, 'ventilation_wind': 4.076009316770185, 'days_checked': 28}",Medium,3.2764083871342455,1.879716258019657
261,-4.708701543496719,1.469323704279225,1.5680793500563643,0.7197685745490685,"{'zone': 14, 'month': 8, 'cooling_degree_days': 41.0, 'ventilation_degree_days': 41.0, 'ventilation_wind': 5.360455486542444, 'days_checked': 28}",Heavy,0.12940553922758036,1.708967739213819
262,-4.509479630079091,1.0599788190686343,1.898049100255392,0.7758268320502697,"{'zone': 15, 'month': 3, 'cooling_degree_days': 3.200000000000003, 'ventilation_degree_days': 3.200000000000003, 'ventilation_wind': 3.097670807453416, 'days_checked': 49}",Light,0.14421998028825067,1.1949849921743676
263,-3.51772144065823,1.860640515607318,4.668050829085175,0.8319469609479895,"{'zone': 10, 'month': 10, 'cooling_degree_days': 8.45, 'ventilation_degree_days': 8.45, 'ventilation_wind': 1.4937111801242238, 'days_checked': 35}",Medium,1.0149933579935773,1.7325042286948258
264,-4.230510267505932,2.9956152058318013,8.644729078954011,0.6090679589064478,"{'zone': 4, 'month': 7, 'cooling_degree_days': 5.5, 'ventilation_degree_days': 5.5, 'ventilation_wind': 3.696687370600414, 'days_checked': 56}",Heavy,3.2797196914275677,1.408841182955392
265,-4.539419818244237,1.0710668383823758,6.476006284752737,0.8703840024262357,"{'zone': 14, 'month': 8, 'cooling_degree_days': 41.0, 'ventilation_degree_days': 41.0, 'ventilation_wind': 5.360455486542444, 'days_checked': 28}",Light,1.726797367153421,1.8292244718807316
266,-4.635176561340576,2.9643168209036572,13.300225316152831,0.6907502652956188,"{'zone': 11, 'month': 6, 'cooling_degree_days': 51.999999999999986, 'ventilation_degree_days': 41.05, 'ventilation_wind': 4.051147342995169, 'days_checked': 84}",Light,4.361164989870815,1.8010357496935747
267,-4.767628946419773,1.3499899256382875,9.510286212712488,0.8909127406004508,"{'zone': 10, 'month': 7, 'cooling_degree_days': 24.89999999999999, 'ventilation_degree_days': 24.89999999999999, 'ventilation_wind': 2.390087991718427, 'days_checked': 7}",Medium,4.429066996471671,1.1801519296056786
268,-3.8748304400518854,1.9776995351505222,6.538690869201903,0.8405195868543093,"{'zone': 10, 'month': 6, 'cooling_degree_days': 22.55, 'ventilation_degree_days': 22.55, 'ventilation_wind': 2.038561076604555, 'days_checked': 42}",Heavy,2.265224921711401,1.3850075164800741
269,-4.347371005441251,1.732660528562395,6.372783303843277,0.8874437353524697,"{'zone': 6, 'month': 10, 'cooling_degree_days': 7.699999999999999, 'ventilation_degree_days': 7.699999999999999, 'ventilation_wind': 2.6764233954451346, 'days_checked': 28}",Medium,2.014008500161661,1.520756815051934
270,-3.5082567223866135,1.7202112289185871,9.554799850275561,0.6732791761140907,"{'zone': 15, 'month': 7, 'cooling_degree_days': 80.85, 'ventilation_degree_days': 34.80000000000001, 'ventilation_wind': 4.691666666666666, 'days_checked': 14}",Light,2.775214065046997,1.920495451359041
271,-4.425815361811899,2.8205129370170456,12.582054027232159,0.8161697197037096,"{'zone': 4, 'month': 6, 'cooling_degree_days': 5.449999999999999, 'ventilation_degree_days': 5.449999999999999, 'ventilation_wind': 3.5819358178053835, 'days_checked': 21}",Heavy,4.793046749320897,1.5729612818889969
272,-3.9451862457446882,1.5064852676988703,11.512486276984022,0.708663660223859,"{'zone': 13, 'month': 9, 'cooling_degree_days': 22.65, 'ventilation_degree_days': 22.65, 'ventilation_wind': 2.7866459627329196, 'days_checked': 49}",Heavy,3.494482034966988,1.8307856282775863
273,-3.641759408478315,1.2121243376161526,5.391379787724207,0.895749704845661,"{'zone': 10, 'month': 9, 'cooling_degree_days': 8.149999999999995, 'ventilation_degree_days': 8.149999999999995, 'ventilation_wind': 2.246143892339545, 'days_checked': 35}",Medium,1.3148911934280687,1.8917312837618838
274,-4.645274953421081,1.6555248052531069,5.894710951018701,0.8611902275728311,"{'zone': 11, 'month': 9, 'cooling_degree_days': 19.1, 'ventilation_degree_days': 19.1, 'ventilation_wind': 2.893555900621118, 'days_checked': 21}",Medium,1.6157564865238583,1.6872515512189847
275,-3.559335521751783,2.4899864024944582,4.809230257864093,0.603358845109574,"{'zone': 2, 'month': 8, 'cooling_degree_days': 3.049999999999997, 'ventilation_degree_days': 3.049999999999997, 'ventilation_wind': 2.9978519668737067, 'days_checked': 21}",Heavy,1.2624722123335117,1.6632798962681592
276,-4.7626802147227245,1.9002618870180237,6.608721749758076,0.7933931171561819,"{'zone': 10, 'month': 4, 'cooling_degree_days': 3.1999999999999993, 'ventilation_degree_days': 3.1999999999999993, 'ventilation_wind': 2.0501035196687374, 'days_checked': 14}",Light,2.205661663815606,1.4535989538559901
277,-4.409727023348975,1.103763114185439,6.968344122067663,0.737798929262548,"{'zone': 11, 'month': 8, 'cooling_degree_days': 38.25, 'ventilation_degree_days': 38.25, 'ventilation_wind': 3.141433747412008, 'days_checked': 21}",Light,1.72590369176276,2.0225135335449425
278,-4.850912687703254,1.611267231162269,1.2897596568850342,0.6924453928914195,"{'zone': 10, 'month': 10, 'cooling_degree_days': 6.899999999999999, 'ventilation_degree_days': 6.899999999999999, 'ventilation_wind': 1.7623706004140787, 'days_checked': 7}",Medium,0.13306794321462245,1.5728714300690498
279,-4.2208430882102554,2.109870377199493,7.635624953643976,0.8660633408367385,"{'zone': 9, 'month': 6, 'cooling_degree_days': 3.1000000000000014, 'ventilation_degree_days': 3.1000000000000014, 'ventilation_wind': 2.691537267080745, 'days_checked': 28}",Light,2.141739529713613,1.842593400958511
280,-4.15529458578222,1.1416750079199505,4.309224427486735,0.6583418255921195,"{'zone': 15, 'month': 3, 'cooling_degree_days': 3.200000000000003, 'ventilation_degree_days': 3.200000000000003, 'ventilation_wind': 2.862551759834368, 'days_checked': 28}",Heavy,1.361724436678061,1.3354837411581593
281,-4.8909098757601175,1.527287021752145,17.49029430455838,0.8748997578989766,"{'zone': 11, 'month': 8, 'cooling_degree_days': 45.300000000000004, 'ventilation_degree_days': 45.300000000000004, 'ventilation_wind': 3.1832556935817804, 'days_checked': 21}",Light,5.564677014280026,1.9477701059005068
282,-4.261541295793817,2.7022343434115714,3.88483994299481,0.6106741468500263,"{'zone': 11, 'month': 9, 'cooling_degree_days': 8.05, 'ventilation_degree_days': 8.05, 'ventilation_wind': 4.783747412008282, 'days_checked': 7}",Light,0.9995732735981449,1.5999575910384278
283,-3.6109284686790133,2.6583447519990164,14.388106216572147,0.7192048265244199,"{'zone': 15, 'month': 8, 'cooling_degree_days': 89.25, 'ventilation_degree_days': 11.799999999999997, 'ventilation_wind': 3.4791666666666665, 'days_checked': 21}",Heavy,4.9794598780227926,1.7300024543454988
284,-4.629103921912892,2.4828685454050508,1.6234611854713785,0.782254113839332,"{'zone': 8, 'month': 10, 'cooling_degree_days': 3.1999999999999993, 'ventilation_degree_days': 3.1999999999999993, 'ventilation_wind': 1.6027691511387163, 'days_checked': 7}",Medium,0.15379346681498474,1.3667132006817813
285,-4.573324521670532,2.367780836143811,10.749128331451342,0.7073062084605247,"{'zone': 12, 'month': 6, 'cooling_degree_days': 19.15, 'ventilation_degree_days': 19.15, 'ventilation_wind': 2.8934265010351967, 'days_checked': 7}",Medium,5.233677309200882,1.1923378329229117
286,-4.174199705978025,2.121712272474367,17.37591401837187,0.8844956635690756,"{'zone': 15, 'month': 6, 'cooling_degree_days': 66.1, 'ventilation_degree_days': 56.5, 'ventilation_wind': 4.22530193236715, 'days_checked': 28}",Light,5.976335540196258,1.8685353112516334
287,-4.969969887824689,1.9776550508452793,12.128270940177119,0.7823471000710552,"{'zone': 6, 'month': 7, 'cooling_degree_days': 3.25, 'ventilation_degree_days': 3.25, 'ventilation_wind': 4.275414078674948, 'days_checked': 21}",Heavy,5.3844172205165215,1.3445316690132239
288,-4.915710381682075,1.253260144448039,7.566081190372794,0.862891428414308,"{'zone': 15, 'month': 7, 'cooling_degree_days': 80.85, 'ventilation_degree_days': 34.80000000000001, 'ventilation_wind': 4.691666666666666, 'days_checked': 7}",Medium,2.276465851293835,1.665726852902761
289,-4.320200753053073,1.3693227495041327,3.815120685060765,0.7032293838771834,"{'zone': 12, 'month': 7, 'cooling_degree_days': 17.999999999999996, 'ventilation_degree_days': 17.999999999999996, 'ventilation_wind': 3.3619824016563142, 'days_checked': 7}",Medium,0.8883987862075382,1.3329639258086043
290,-4.313347882217766,2.249772227915953,7.943049702555846,0.6984337884230527,"{'zone': 11, 'month': 5, 'cooling_degree_days': 23.650000000000002, 'ventilation_degree_days': 23.650000000000002, 'ventilation_wind': 3.3589544513457557, 'days_checked': 7}",Heavy,2.292527838856671,1.7756961437742609
291,-3.8095444602725603,2.094248075305134,10.625370160319015,0.6289063580386877,"{'zone': 7, 'month': 10, 'cooling_degree_days': 3.6999999999999993, 'ventilation_degree_days': 3.6999999999999993, 'ventilation_wind': 1.7525879917184266, 'days_checked': 42}",Medium,4.543040869352234,1.3319404417548388
292,-4.781315091057914,1.9857355741317786,2.4289635829867056,0.7485799738811527,"{'zone': 11, 'month': 9, 'cooling_degree_days': 8.05, 'ventilation_degree_days': 8.05, 'ventilation_wind': 4.783747412008282, 'days_checked': 42}",Light,0.0027204956035886685,1.668447150836211
293,-4.6298383051493515,2.581249864456288,4.414398650531287,0.6751674824367255,"{'zone': 15, 'month': 5, 'cooling_degree_days': 14.849999999999998, 'ventilation_degree_days': 14.849999999999998, 'ventilation_wind': 4.08136645962733, 'days_checked': 21}",Light,1.0316674023433123,1.7192320552353955
294,-3.7254979887814703,2.0920901762451374,14.19923795663781,0.7556461111483336,"{'zone': 13, 'month': 5, 'cooling_degree_days': 20.350000000000005, 'ventilation_degree_days': 20.350000000000005, 'ventilation_wind': 3.0444099378881986, 'days_checked': 14}",Light,5.145802461165261,1.700442107613804
295,-3.815998154469087,1.0373965712508986,2.812904356782929,0.6928195044951031,"{'zone': 15, 'month': 6, 'cooling_degree_days': 70.80000000000001, 'ventilation_degree_days': 60.2, 'ventilation_wind': 3.4228864734299513, 'days_checked': 14}",Heavy,0.4030625021370955,1.8501389453475006
296,-3.750991620010265,2.235212357965126,7.21971520464546,0.8110800871037926,"{'zone': 8, 'month': 10, 'cooling_degree_days': 22.999999999999993, 'ventilation_degree_days': 22.999999999999993, 'ventilation_wind': 1.1525879917184265, 'days_checked': 63}",Light,2.284248694400241,1.59143771039833
297,-4.515533906194922,2.6079217410690267,1.9532626067470744,0.7160151708935957,"{'zone': 9, 'month': 6, 'cooling_degree_days': 3.1000000000000014, 'ventilation_degree_days': 3.1000000000000014, 'ventilation_wind': 2.691537267080745, 'days_checked': 28}",Medium,0.08231583131542486,2.1583514858579442
298,-4.630490576304332,2.402581728447509,5.050466921590155,0.8751961243873707,"{'zone': 10, 'month': 8, 'cooling_degree_days': 43.55, 'ventilation_degree_days': 43.55, 'ventilation_wind': 2.302639751552795, 'days_checked': 42}",Light,1.4130545407949993,1.3813227986925916
299,-4.370611116504158,1.8797066015449029,11.020655273145408,0.7889027542641258,"{'zone': 5, 'month': 10, 'cooling_degree_days': 6.75, 'ventilation_degree_days': 6.75, 'ventilation_wind': 3.295885093167702, 'days_checked': 7}",Light,3.1295760692584094,2.054410833546111
