,floorTempAdjustment,hInterior,hExterior,alphaRoof,material_type,windSpeed,wallRoughness
0,-4.151563245246183,2.001253381583438,11.21735723673713,0.843407845231292,Medium,3.322042455323831,1.8649052543425453
1,-4.966065156785137,1.9342509790036928,4.409395712688919,0.773652423148195,Medium,1.496869952236048,1.2318002392761653
2,-3.7289206181068444,1.5425509798773969,9.089012456461578,0.7909297062691584,Heavy,3.2641730198293466,1.5010940285374597
3,-3.8204188416180025,1.0885199774836438,2.736809773518745,0.7918740769503094,Medium,0.12905643262766398,1.1205279403469843
4,-3.568808556029985,2.5202888725205312,7.330294018384069,0.6768105331633876,Light,2.765832937809116,1.3405657683592564
5,-4.2514696298557055,2.860142401992353,16.07761313646103,0.8253905902390067,Medium,4.905152129267363,2.0839935022952667
6,-4.128943887215936,2.8550539278789206,3.3718537241204123,0.8967082148201477,Medium,0.4929535581094884,2.1338590561607798
7,-4.965119111105196,1.7600512276596632,6.377258387886541,0.8862547750639318,Medium,1.9193294721331398,1.5910771585923686
8,-3.9796508573610794,2.0895888335687074,3.7396803953037407,0.7039085534112264,Light,0.7338044610849053,1.6583309890238929
9,-4.806406918291965,1.9312143965069628,4.8451697837688865,0.7139091564472259,Heavy,1.29057402931989,1.6099983856891273
10,-4.3649686728097565,1.578108531070007,1.5133470189733977,0.6647473427148911,Heavy,0.07350227194793835,2.059172280289244
11,-3.6548660763421816,1.851876765261763,6.425124305953139,0.7263227350916532,Light,2.17893235777897,1.4297147753896078
12,-3.8781065444889746,1.5207976902732316,5.70460768608924,0.7301344974076711,Light,1.6713058172317674,1.5832442579838566
13,-3.638345555229582,2.5859881819432324,15.294738566228535,0.6301447976643496,Medium,4.779604552900713,1.9431808438430087
14,-4.62548872872437,1.6645547250483466,16.22106746795851,0.8949615246592375,Heavy,5.172007032578483,1.9832545645785702
15,-4.128729772155722,1.8260132135166993,16.9893074388863,0.6196100134834273,Heavy,5.31337903118542,2.0246548221112026
16,-3.9375259697375786,1.2139300723003104,7.690131259156133,0.8859196773734359,Medium,2.834125578910365,1.3945413690313924
17,-4.8878166663126486,2.8730288940224558,10.64200767404173,0.6084825164117545,Medium,4.262998217553238,1.42717132712363
18,-4.831775407295587,1.523744966669002,8.568458352584027,0.6078886697643291,Medium,2.1678387141091675,2.1645793883098383
19,-3.577828020262148,1.1648052653923284,3.3761016685814185,0.6870848511803945,Medium,0.737593152889672,1.616455270903159
20,-4.646128757661259,1.6474100818607125,11.642422614527764,0.659360555837081,Light,4.559508799620939,1.5015020198413613
21,-4.243988730515442,1.7273394776493132,13.920493814768156,0.7788248139994914,Light,4.483232905955376,1.8168918951169872
22,-4.2145688430442485,2.942707918438404,14.60794890198394,0.6487903392101991,Light,4.5710315009605145,1.923867962545234
23,-3.846357832362701,1.2517965006980163,9.54320918446378,0.7697551532816566,Heavy,4.005672256499964,1.3182369187167686
24,-4.300854451949085,1.1153775943439617,17.0379794356281,0.6459243844741127,Light,4.931959054395678,2.151859814097975
25,-4.163633085754163,2.6090371261712564,16.790604436004628,0.7502199221491332,Light,5.693596041380221,1.8764118141648245
26,-3.8166091808162395,1.076690391338929,11.642109048519886,0.6743867553387729,Medium,3.379173309453051,2.0204049577753382
27,-4.506980418911327,1.6055450792121577,13.980477548291024,0.8018260693553725,Heavy,4.766144643881974,1.7876301083609438
28,-4.862211380290101,2.1869242036993946,13.32686002999687,0.830152497633519,Medium,4.247640730682662,1.9193011943637632
29,-4.570122399048034,2.654841619892194,12.880063331984486,0.7790157012520826,Medium,3.6586811031448288,1.9861393764820017
30,-4.143846439416369,2.824911569955958,15.029325311229492,0.7689532655744833,Heavy,5.193906436671847,1.821041804173441
31,-4.1247691695521596,1.6253603241721504,6.701239066196079,0.674491509580882,Light,1.6504131039837355,2.028792329458729
32,-3.9812535045749806,2.893067069181741,14.4626006604588,0.6888444006164579,Medium,4.16816144657162,2.152687961649561
33,-4.400317568555284,2.7906145797306583,3.088576889402056,0.6594988993988035,Light,0.7489492619555869,1.142990074338715
34,-3.956347275736187,2.0134120000508364,3.9734050563569485,0.6254824043420101,Light,1.022948458343954,1.3527546277501346
35,-4.645515087444207,2.48527988848587,6.557778558793775,0.7306679336802304,Light,2.303295131463662,1.3630661572425142
36,-4.790026662403085,1.5519433871181298,18.694386186648227,0.6655359282811388,Heavy,5.809514034896147,2.1064675410278353
37,-4.407773798414433,2.0790869972163195,13.5849552137544,0.8740956626189125,Medium,5.352506025835391,1.5648239411006402
38,-3.5731884622625283,1.9443775877288254,15.396482239253588,0.7461907565070026,Light,5.657165034441442,1.73050482730296
39,-3.646824313899306,1.5004889925356433,13.09259666173693,0.6130918726857904,Medium,4.082569239095085,1.9321888627525088
40,-3.649967012164847,2.865534935826135,2.6671800383067112,0.6229157935355344,Heavy,0.6386740426876181,1.4810598377012147
41,-4.020030677789176,2.9860678853923295,3.6713830335080733,0.7808712444626112,Light,0.5363596265287367,1.8085589026133642
42,-4.661856544296247,2.642189083170295,3.8721908690321554,0.834743453903411,Medium,0.741780211155356,1.801213315826153
43,-4.173632836506801,1.0769686967063745,10.451468206753514,0.651909471100633,Heavy,4.373839961044459,1.35042562528066
44,-4.891797801236827,1.3159976183140174,4.966530893684872,0.6982471547589273,Heavy,1.3508224049192197,1.6416494524893546
45,-4.094510817293879,2.139172610920571,1.1295784697001636,0.8084366286817233,Heavy,0.06080610116628682,1.5015227626397025
46,-4.8325389133408025,2.379878785870948,3.7751493630124746,0.7227349698403469,Medium,0.8696293710113645,1.1818903315333649
47,-3.719659173626729,1.1230101935640857,11.71099879849051,0.6133927084355925,Medium,3.193352477617305,2.090161578852553
48,-3.8444051932525625,1.2214937165909883,6.107892480274123,0.7552698757596715,Light,1.3876102931973096,2.0728297646986187
49,-4.298814908251384,2.0970726403063216,13.330513744871714,0.6745758204873815,Heavy,5.064940306472893,1.615918877596012
50,-4.828038353753923,2.4490054032409887,9.368537908421924,0.6280056177776958,Light,3.7543530318383795,1.3703048411008476
51,-4.8212888968665215,1.7688276431623302,8.956744168285445,0.8694880842154797,Light,2.5151502798361864,1.8864942731035423
52,-3.910261671063514,1.883714312806866,7.029837996019975,0.7543542936538252,Light,2.7727517892648432,1.273418404468239
53,-3.974739122955443,1.1292112372446899,9.844083392111251,0.7926549517638004,Light,3.3877426504893355,1.5989696225940448
54,-4.355262553341859,1.924679282167734,2.1190363134260526,0.6162581728965535,Medium,0.41089319958018344,1.320676778015928
55,-3.634976339078674,2.852295121731998,5.435501639870147,0.7372810533087027,Medium,1.3123421554188703,1.8482727423697485
56,-4.589254562449959,2.4761196740163696,16.822650938059205,0.6685437795940432,Medium,5.8932636088607975,1.8447973559295026
57,-4.071576285423712,2.8296730764326266,10.028074245090778,0.7108354775073182,Medium,4.973850014728175,1.1450718832126214
58,-4.545622023674011,1.0777002538353349,4.664157164777243,0.7799431148430813,Heavy,1.1954574857863813,1.7093066207523933
59,-3.5601722326731,1.4413771473450399,12.025449286963802,0.8578316937230112,Medium,4.226362965537991,1.6771856379589263
60,-4.0618114689275355,1.6625809849015671,10.245487734196944,0.8439183744430626,Light,3.6522425172829527,1.5849465092728408
61,-3.942993549994852,2.7185754160344846,11.136149357148284,0.8121801609863505,Light,3.7830580437873067,1.7025650629530011
62,-3.5591969290611347,2.5778314400770954,10.415032453759043,0.7090328520558234,Heavy,4.7141986688863495,1.263484660859079
63,-4.086262698150982,1.4588650748697312,8.067905930074248,0.7304454519920021,Medium,3.400744745576173,1.2194167429010643
64,-4.194375418880189,1.740525536523568,9.057677196095197,0.8554544550666434,Medium,2.8535555048837047,1.6906720661862322
65,-4.813039690186758,1.7589344510701785,1.8929059608293666,0.8694175997786016,Light,0.1293218371993452,1.2877939692166878
66,-3.526710506684748,1.466202824394847,14.06255996447463,0.6114784009660109,Light,4.376315531872747,1.929941498902914
67,-4.607092074767724,1.762579949090518,8.467839168752699,0.7277966171431132,Heavy,2.4307225259270346,1.8227126762617607
68,-3.866979403569289,1.0867222745436258,12.20603299241575,0.7835165160537889,Medium,3.3140183497025077,2.105801392081462
69,-4.306185310566381,1.1972937070881982,11.43582387882625,0.7803072420385119,Heavy,3.158246864623184,2.1269000966821876
70,-3.6576128254939624,2.9111593924565513,17.113967100548656,0.8677294824640545,Light,5.866644999887646,1.865804363679378
71,-4.096848579948983,1.3001168492597173,15.579279988089226,0.6240735435627546,Medium,4.628738473462969,2.150892261424959
72,-4.848182670470388,1.9353445116357517,2.0628590897119548,0.7590241855653644,Heavy,0.334620460529629,1.856271164439012
73,-3.787729850744106,1.1867000727579042,4.550003949581012,0.8347313996940291,Medium,1.1515981575157739,1.6526873915791902
74,-4.197998095430654,1.0510006004997026,4.179931777202617,0.8388005463215009,Medium,1.0901257877267938,1.1381861976249812
75,-4.666649016002529,1.379003480290422,10.647408130506928,0.8019624473346639,Light,5.334263166330715,1.1618572592624041
76,-4.445422589675326,1.9289175231976536,8.534582289520678,0.8607592411312406,Light,2.3475604045217424,1.853129488418582
77,-3.6354434530469724,1.3244542258979302,13.830674060837644,0.6817534373483215,Medium,5.145172436711789,1.644074262070092
78,-4.045236680402265,2.3597490768813127,2.6164203421655485,0.7751102820473086,Heavy,0.6417167539722262,1.119946956265958
79,-4.707021717977829,2.534924101487249,9.004506896305923,0.6940931586903605,Medium,2.809141155280768,1.7173260311429657
80,-3.8515807992747866,2.5420677588022893,3.2285831018174656,0.7990953440063004,Medium,0.5459073743155074,2.0504250787460103
81,-4.816487822418155,1.4023237669436512,10.819689648316304,0.8970158099468497,Heavy,4.3981424330583545,1.4099998014251793
82,-4.51953751258738,2.825067635471174,3.924390850547918,0.876020257768144,Light,1.3350692047976713,1.2120507766860107
83,-4.057018821247772,1.8739188898572876,8.063004117431644,0.6647412558856758,Heavy,2.3953886086365515,1.7691011312719995
84,-4.275198645509423,2.0679998370712314,13.520142098164023,0.8140442756351784,Medium,5.506997824307266,1.5051558626136587
85,-4.563918192058773,1.8804862470045687,8.639084315833378,0.7018828822634638,Light,3.754415809668802,1.2392728231580015
86,-4.513369455392487,1.338605525256465,15.461197068626607,0.6703327624340245,Heavy,5.244242824841079,1.8611204785656645
87,-4.511000083584705,2.5294156975465403,9.238183773613601,0.7648467386332847,Heavy,3.061930726227748,1.6210122341118027
88,-4.011987863926128,2.6853314144652876,10.897225120492116,0.886304165717213,Medium,5.228279396414569,1.2147318428510858
89,-4.2433048891649285,2.4435731096513313,12.117557312610234,0.7203614438899711,Light,3.1391946429471607,2.1078988837802113
90,-4.975977600435139,1.7428597847318652,12.64111033221025,0.7793783252845131,Light,5.903953011558768,1.2912366798469748
91,-4.512758770897289,2.7399944940091565,15.43751250762651,0.7851799755140743,Heavy,4.91851421936417,1.9327584246395164
92,-4.753166653108435,2.6677437950793523,12.818153114566133,0.8350881656468635,Light,4.681915148863105,1.6507002658940417
93,-4.8324849427766,2.4644613236059394,10.47564724074838,0.8728192202014503,Medium,3.605254231080626,1.6568972748102473
94,-4.610945795050393,1.602046641860389,5.901477239825941,0.7093517592106997,Light,1.5759443036507843,1.7506243765489788
95,-4.0528382976647475,1.8602443049217456,6.880375946859825,0.8315501659092325,Medium,1.8712003798266053,1.8328943428850906
96,-3.8541435874463374,2.5208169713927555,12.478497782099822,0.643323159748259,Heavy,3.8855166326672785,1.8518766443220152
97,-4.722425700823458,1.119643166924025,13.752938684892893,0.80207800573169,Light,5.822007743573571,1.4650235496031572
98,-3.9152109479666657,1.96024445073448,10.62107362237356,0.8863824244908287,Light,3.7675714632994746,1.5974254731060775
99,-4.228685672640341,1.270526334191154,2.422227722847408,0.6225826151150131,Heavy,0.4341490345500292,1.6439321816341226
100,-4.345893562976696,1.8020542799004695,10.422293548366472,0.8815334039329665,Heavy,3.1467725965686855,1.8852693248789518
101,-4.158681498529672,1.4670815804045418,6.994914362188663,0.7092265350229264,Medium,2.820739044127853,1.2185958150906349
102,-4.569650921827437,1.4184007795998463,7.235796975253218,0.6186646346110041,Medium,2.23753053658002,1.6321807674499886
103,-4.570736108693138,2.9980902261627422,4.547219339721487,0.6920814896392025,Medium,1.1068848312255941,1.6030528380146993
104,-4.872190326423381,2.905052253617944,3.9851521503935845,0.8236574984751823,Heavy,0.8298378725655642,1.881446667866344
105,-4.257149740485204,2.5064500976285746,14.693250437329139,0.6515545086906572,Heavy,5.647755993984596,1.5782566176433919
106,-4.443561153346526,2.616166484980524,4.27438199957051,0.7373362250410807,Light,1.124235027202474,1.5532142555714747
107,-3.573102441513159,1.4743968370019136,11.71633671495814,0.8933477337486841,Light,4.980255607993791,1.3712280485187824
108,-3.852863537950446,1.5358370117625897,13.529979213701614,0.6654522477736521,Light,4.675950186052453,1.7726069946546943
109,-4.175825946456431,1.3052535563661039,5.641725693440318,0.8006528073178802,Medium,1.6415636598206167,1.5949287297376535
110,-4.952235898279715,1.9904217406716107,18.455559865558612,0.8210012076285901,Light,5.663624147891042,2.1180825485366386
111,-4.931583476703772,2.5358562847897885,8.090160190484825,0.7695004302631723,Heavy,2.833484171096165,1.4822519185441718
112,-3.7156343827643132,1.5849275095434403,12.142139891347107,0.7152319987976379,Heavy,5.611303671067813,1.298096943009792
113,-4.357769126288456,2.321664989711712,10.7059907355168,0.8547511887679944,Light,4.255053564439924,1.434436452722631
114,-3.9332529834088543,1.0016148260681723,5.923917177757933,0.8179577583512472,Light,1.4326928251198607,1.9125612878720502
115,-3.529594853812823,2.8066839848100837,2.1195854636936557,0.7909260146226406,Medium,0.3365318086708675,1.9700938181859855
116,-4.8520020967674276,2.5962811455063757,16.94045226248781,0.6064175391869493,Medium,5.01919052676264,2.1243672421726165
117,-4.633586459230485,2.9328352531446202,16.784167331065802,0.7601682013727725,Medium,5.5301994390137335,1.9122334027216343
118,-3.871172410037784,2.0290823047182744,13.310647676292863,0.7635898024788921,Light,4.441526884478863,1.753877652204635
119,-4.476222269298919,2.3325008497307893,6.795119919271054,0.6073418974107097,Heavy,2.507817889531947,1.3404951289679627
120,-4.668967898313117,1.1229585359803775,10.818191900640633,0.659168967060565,Light,4.5665269825810775,1.36151723169774
121,-4.152890122206787,2.601545644841295,15.394488811354469,0.7137447418085741,Medium,4.9222924630594,1.8641470840982066
122,-4.418140157465388,1.2140852346926256,11.568410341257621,0.8451817279239786,Light,5.646259709496345,1.2145565182262912
123,-4.255108373442216,2.023134686724827,4.50293554485536,0.7191869440028307,Heavy,0.8918814547113716,1.9330498155551732
124,-4.9539683460123225,1.5198069455441603,17.093030419087597,0.838204450113287,Heavy,4.998342260262037,2.0977005238091264
125,-3.9740581066350096,2.022503270014204,17.03541348921585,0.779314983437225,Medium,5.027238793388232,2.154890060895454
126,-4.37919934575871,2.4461763253250846,4.023114401163303,0.7323523739276918,Medium,1.083764596590827,1.5265661029202913
127,-3.570626157610888,1.462266679244422,11.738995421121944,0.8983561157825566,Medium,4.599549168244708,1.4868045865973087
128,-4.167026593358719,2.5970444876812557,3.804332408490224,0.7815716478573964,Medium,0.6033866325695709,1.9075181448905418
129,-4.390069238295422,1.7600909854043434,3.1991693208833194,0.6005807179838967,Heavy,0.575333383928347,1.709293726309431
130,-4.3186201179491555,2.426354223717854,5.359460648641511,0.8402248256831707,Medium,1.3066908812914884,1.8439610605910846
131,-4.814108039218082,2.9678669427174302,6.698745268279609,0.8474267837344054,Heavy,2.832859248816025,1.1335894072468653
132,-4.469911910346381,1.4577414999044596,1.4904958177624281,0.8473777679011405,Light,0.12244684734374078,1.3345717430870676
133,-4.60787764952523,1.1519534483520488,13.630132138685791,0.6148381425900434,Light,3.769225733397953,2.1608400624024955
134,-3.9866744436182637,2.1028924861304894,15.169428161151261,0.8714935223247398,Heavy,5.992415635165077,1.5973206239181303
135,-4.014035106357406,1.942929490909718,10.163050986921176,0.6871038362582264,Light,3.9235209483610696,1.4548907323270808
136,-4.670129848666393,2.016672321034167,6.670454855361561,0.8834776023783897,Medium,1.974849126672443,1.6167167208757638
137,-4.7147814113052275,2.8054642497812248,11.720836053815962,0.6790318369115028,Light,3.5323507281444355,1.9487287087018212
138,-3.703249981024562,2.3086455163806665,2.2801332514983574,0.6543520952956592,Heavy,0.28136956830379,2.0878056831305507
139,-4.8171081965423195,2.049934200797605,9.829128337477055,0.6059179922629985,Medium,3.445014881218529,1.5691043417395376
140,-3.737433796514165,2.827985471082275,17.448393765493748,0.7524997318276203,Heavy,5.6056885434063455,1.9723105065212208
141,-4.109439642140407,1.7019790925853284,8.305180717295118,0.8452389639590604,Heavy,3.5200386798805385,1.2185850054442275
142,-3.7155898742341615,2.3794597437074234,7.119846999604606,0.6938730499483019,Heavy,2.8243504162901303,1.198205183910317
143,-4.331324073339127,1.1565181000588909,3.021182334192928,0.7209790204852276,Light,0.8541088295149264,1.3040431249091462
144,-3.7072050203922773,2.9281091519422064,1.716410584311735,0.6770322825615451,Medium,0.051954351291194634,1.3084332128494236
145,-4.492448945411805,2.870404072548359,10.00932108502537,0.888317429014794,Medium,3.0138761565140637,1.7850533009425853
146,-4.692003706470316,2.651756876279477,8.794669755815402,0.8728442438046793,Medium,3.9351952885522827,1.214796784006666
147,-4.830602933124897,2.050899383186137,6.19957230419265,0.6242524070980874,Heavy,1.4514990770287113,2.0915930730678562
148,-3.9292823433868835,1.7653897399794818,7.323954194621193,0.8404972801944167,Heavy,1.8976211417495352,1.9463293530369112
149,-4.18353284822731,2.884709067291973,8.011390733142658,0.8851427404272609,Medium,2.308469173598596,1.8178673951266249
150,-3.7281296531220645,1.2681468990281042,6.4726557362107355,0.6677255424931837,Heavy,2.1061453651772304,1.4045565208898663
151,-4.795366756020066,1.7584689589112075,10.586860138089161,0.618055759100191,Light,2.9518130079800935,1.9479070684632986
152,-3.6570666045047737,1.5990801151661942,16.755075785286067,0.8304210674609532,Heavy,5.611287833285804,1.8253761319784845
153,-4.271245378306483,1.6834265096956722,9.370225470910329,0.7817401560286996,Medium,3.8062914315886536,1.3519661915502332
154,-4.151229658171838,1.5623007235824673,6.966627896283154,0.8523212275080011,Heavy,2.581895932605181,1.2667964506460856
155,-3.9397985507092304,1.982579811054413,8.357913312920372,0.6894196000754363,Light,3.771655869410928,1.1489058724970138
156,-4.2973502022028365,2.4359517775984303,5.979151816012669,0.7174641274700436,Heavy,1.7154557420134953,1.6302860161557482
157,-3.9632681890286774,1.1166632660638662,16.781600362098285,0.763751516349971,Light,5.132078078051167,2.058772704219453
158,-4.900662809659275,1.8777858458906953,15.094675851231994,0.6311164455777687,Medium,5.5874589257036344,1.6569008005263148
159,-3.887612333275126,1.270818051337987,12.752363966970098,0.6865913824344879,Light,5.057294814696338,1.4980859749256161
160,-4.99139772975702,2.1520071903076925,13.659211192005582,0.7273693626192019,Light,5.955333992173177,1.4080857938011098
161,-4.763875861955839,2.8646158464579567,6.451828855412296,0.6139920961460613,Medium,1.8744547247166217,1.6581535786250354
162,-3.78161155318813,1.7906380642360011,3.1017966335352094,0.8269802731681298,Heavy,0.591209836742516,1.5982078753738425
163,-4.101710384273517,1.4854473547896858,6.269605128025239,0.6242922283503587,Heavy,2.602924542206239,1.1174681342762733
164,-4.444394669785064,2.4365692167151547,8.31651257008146,0.8650062660293487,Heavy,4.0042756208090795,1.1184695861595573
165,-4.932909461483719,2.949513771048305,11.799940747685206,0.6813492092019187,Light,5.710365259073942,1.2279508031629465
166,-4.06192750483472,2.3383637191389934,6.153025648418262,0.6418276881467516,Light,1.4935605436647876,1.9722242754346964
167,-4.579933831798542,2.0961178447048967,2.7516224584838156,0.8179264873793343,Medium,0.4153355801162075,1.3800562969202739
168,-4.446204814265556,2.881309011626212,9.0690038213385,0.8152470276011742,Heavy,2.201745167075929,2.147716590123415
169,-4.15542185207293,2.121000004530914,16.897168680788894,0.8202566722628183,Light,5.959065781055148,1.8211855936431263
170,-4.106226065053156,1.9886166653754194,9.968820538953818,0.6936688325153654,Light,3.41556375101252,1.6364329484279434
171,-4.535497539877799,2.2045610091090246,3.2104738041291427,0.8441771633276605,Heavy,0.7286217747102213,1.529334386010074
172,-4.497580637582264,2.013725307727763,11.266991742296865,0.8083192635288853,Light,3.1382521760759774,2.043520477048636
173,-4.477498547200744,1.1800165471502773,9.420758069083004,0.6794982542047805,Heavy,2.8313910420862984,1.7769386580154665
174,-4.677517453542506,2.5955867411208167,3.497697893283341,0.6889536344130315,Heavy,0.8735866099046219,1.5199569407394462
175,-4.1920233722472275,2.851801828025472,5.9490014388403525,0.7554626015307413,Medium,1.9988857939515055,1.3051039946190945
176,-4.763928627747893,1.097450537705875,11.13648239832003,0.6897365200032792,Heavy,4.944907271926911,1.3052902596250493
177,-4.921527150622173,1.1495327667588373,10.185782319027568,0.8973468592375081,Medium,4.142806154161949,1.3872439273550194
178,-4.707513092972478,2.7258926538468797,13.062894205946991,0.6999556177063161,Medium,3.9195369150396937,1.890544868150636
179,-4.183604658862389,1.2043694670200364,7.660696846297141,0.6409128976284725,Light,3.422939792547445,1.1667156586236422
180,-4.354854114779653,2.5182300368602055,11.993652987435853,0.6536547734005765,Heavy,4.78936219013324,1.4668950993948369
181,-3.840777265910346,2.331853012496528,8.488951858636295,0.8762046242220487,Light,3.0058208978894263,1.4817162905560262
182,-3.6164659330326843,1.3572859049076023,7.5422103943476255,0.8696907449487049,Heavy,1.9525358742730063,2.0012628089761466
183,-3.994254109799036,2.954189576359507,6.275086148265188,0.8256153021533207,Light,1.4952696076287935,2.0294660018722297
184,-4.504768852338753,1.776779441234239,1.8246185871734866,0.7121439496649389,Light,0.14961088866647865,1.1129029968573707
185,-4.7421328198260495,2.5821692989956695,3.431916041016136,0.8688206356837318,Medium,0.4646047333333314,2.0546137178170567
186,-4.238040101005376,2.3371529181504287,6.002625633389359,0.8991906656302043,Medium,1.7532276845375032,1.6134666837207883
187,-3.6634385388371715,2.030090522287553,5.561907943819895,0.7292755086754065,Medium,1.5357072457982182,1.6417227469169573
188,-3.5020761765522264,2.1525626828342057,2.1907164717486007,0.7782206371768313,Heavy,0.41302568975494647,1.6919243298290398
189,-3.713303664187982,2.5606308553508086,3.6655695584131998,0.856294645827801,Light,1.0211654424149506,1.3949256480980123
190,-3.511185578658944,1.9582473975533943,12.145027038342283,0.7574727669938275,Light,4.850022998484805,1.4696736140897066
191,-4.042113697828864,1.240281635313462,4.957450034334791,0.6982381652386601,Light,1.7708981945526272,1.200806140870298
192,-3.855933761106834,2.3387187107609444,15.477726345676697,0.749029680519011,Heavy,5.668296928880988,1.727024568484103
193,-4.836033671660696,1.8500342356669217,3.301173047231698,0.84721428338639,Heavy,0.6239811376533246,1.251718338588566
194,-3.5495349940343304,1.331100092322573,12.624153843708946,0.6273075519704553,Medium,4.643744068790871,1.6254564182382616
195,-4.281529993694368,1.9817176732306032,7.837880292716827,0.8328030538130349,Medium,1.9662217272069502,2.0695433411037483
196,-4.874432767898232,1.0207772327326947,9.507032490099032,0.8802686760101461,Medium,2.477179400283786,2.153418136800381
197,-3.760088931977122,1.9825049312979477,4.511648080978084,0.7570472741528488,Heavy,1.3506992193562815,1.124144651071049
198,-4.257968744867835,2.073403232160479,9.406101337792125,0.8274555144604002,Heavy,4.670318078649474,1.1205814825991254
199,-3.5358963493697413,1.267640370346054,5.280586659701538,0.6499697282366343,Light,1.431520369591603,1.6513266555652553
200,-4.052165392083225,2.1373606933217566,12.524395663806715,0.6716382879370086,Medium,4.329042208932179,1.7009857556138082
201,-3.5587431818234725,1.841436301791024,17.246764354577042,0.7828581486130253,Light,5.571108937895749,1.9162318489732517
202,-4.544829058228,1.049811223013677,11.753177691038944,0.7672624152102423,Medium,4.952602893425201,1.3882864429063944
203,-4.2682350687621895,2.6779513620524025,11.047366704036895,0.7239586897979695,Heavy,4.155741176316115,1.5280751590292734
204,-3.5603575052566088,2.8347570980700842,6.8042503318633445,0.7191702482547306,Light,2.1729751880362906,1.5431014148569702
205,-4.858513006219393,1.9866199579897952,8.757072575304413,0.6997555971926376,Heavy,3.5688398261730603,1.3194561985819375
206,-4.550264492227574,2.610988414538144,17.208055302780185,0.6501153721050129,Medium,5.064759867152916,2.1581246387853117
207,-4.2110622807004106,2.694049938456671,3.1070698747472427,0.8263485056287259,Heavy,0.5151464851518164,2.128388708331433
208,-4.748827472753001,2.8114893495376823,11.70584977312133,0.6050510630741627,Heavy,3.917399750346184,1.7529887512995097
209,-4.461863010930213,1.3005751810733792,7.18565878877347,0.8233011499945757,Light,2.4924326302612627,1.4493179587571032
210,-4.852331969811768,1.1042012867239628,15.618361545500537,0.8858124161640077,Light,5.01166258551569,1.9946950569224007
211,-4.353238184863293,2.6044680816362336,9.830993248651895,0.751871190700691,Medium,4.682926213548964,1.167997016446117
212,-4.190689392928128,2.19276433240602,13.482207887096065,0.6562244262657579,Light,5.685724374601132,1.4628109755892722
213,-4.692775684791709,2.4558321620787704,3.6547995449350386,0.7571533047153485,Heavy,0.5705522809114811,1.9061909758326085
214,-3.7944561981334117,1.1504952389015988,12.427175285841287,0.7309869488658891,Medium,5.082170520953601,1.469457094821181
215,-4.826981415972558,2.2463201457057504,17.082773803487157,0.7939924558818907,Medium,5.134799527272558,2.117532318273698
216,-4.552984309893022,2.1253125584947674,8.457703484844048,0.6445358947763765,Heavy,2.3286839792155516,1.9372840017595783
217,-4.564440536355194,2.587069292226111,7.577464273237387,0.6848241062558664,Light,3.5313048810501235,1.1207828087307012
218,-4.440571679080065,1.3513989165499958,14.801191364068668,0.6925557614844963,Light,5.029443409400935,1.8563345612284072
219,-4.594045639835782,2.3580112257176458,12.783120843156869,0.6461530397044085,Medium,5.075394374554077,1.512434429869699
220,-4.231462486757202,2.273957656494734,4.798147190813206,0.8165516291546006,Heavy,1.1924352923988932,1.7851468466485125
221,-4.844913062120035,2.81633139753006,8.812403059699776,0.8182915904089948,Light,3.187891356863182,1.4766099963786266
222,-4.4835297490724315,1.588839485131831,11.988674229290394,0.7532983443373236,Heavy,3.4191301384480415,2.024819520671519
223,-4.861636824476019,2.95704642359393,3.415699815314244,0.6000207795413915,Light,0.39996064645292284,1.5167263569710443
224,-3.526147728565013,2.200358020790018,9.352090301982102,0.7865937126801653,Heavy,3.237594720685826,1.5844560725637211
225,-3.5748377427146383,2.17837277340991,4.106075632102238,0.723476061455572,Medium,1.1593193300512938,1.2492136480484528
226,-4.38648449057118,2.054739021841641,4.679016397135172,0.7275544228361148,Light,1.4530013511121607,1.382038782680029
227,-4.5441281679915715,1.8592007591827036,5.031716021551409,0.678524203107694,Heavy,1.6812785048148942,1.2947936959496953
228,-4.523113375105984,2.3812382865612185,7.474260934101997,0.6601631433279854,Light,1.8299182404895957,2.1363247812084056
229,-4.1228277726904885,2.014352883339812,6.358417473997804,0.682802939902083,Light,1.4984162103045928,2.065478843428917
230,-4.132674907075913,1.9839322178133763,9.454461148258298,0.8037766441817531,Heavy,4.434549453139518,1.1894972943899478
231,-4.2460558036753735,1.4118862141426327,2.8468630959884367,0.6431386236707447,Medium,0.7186586605965823,1.3471469653853279
232,-4.992020927864422,2.048047522887455,9.86248515218863,0.7455982333247153,Medium,2.98713836125735,1.7948996360678418
233,-4.179610935469904,2.4568884713857058,4.835990526301592,0.6679866427064609,Heavy,1.65448329959013,1.2312407190128472
234,-3.9488110974765807,1.7284564047858,2.979729134352756,0.7114870123343768,Medium,0.0579649225132457,1.9010773108463532
235,-3.8609579806287524,2.0173544487868353,10.89230073398247,0.850654835188016,Light,4.20748526026188,1.489724477765066
236,-4.157031877898276,2.933387822194269,3.59887082803043,0.8725245509665045,Light,0.9566165163958216,1.3581391244109673
237,-3.8804421274522993,2.298368790955635,11.683054527037193,0.8827024826645897,Heavy,4.335102133837018,1.534496423697643
238,-4.049317402761243,1.0734301761069298,15.301053576504398,0.8113146387888516,Medium,5.643048851610622,1.6744013146394423
239,-4.877646694234559,2.7242987889082606,3.9923545927722692,0.6044468652356779,Light,0.8245891473116225,2.034918166356719
240,-4.479026847209109,2.7583600670504564,3.6989674643775956,0.7993754798696879,Medium,0.8466444602896879,1.5526387882735622
241,-4.1701904900454485,2.030144765643935,12.429049185760718,0.6230035679696414,Medium,4.85931680369937,1.5144494825816406
242,-4.4355511234449505,2.201961864592066,6.264645513781039,0.8001210466424343,Medium,2.4427209808172012,1.2046574174303477
243,-3.6568393070585694,1.7356598771867855,5.115587950646896,0.7293136776484587,Heavy,1.4660848654837042,1.5484937795743188
244,-3.7764381169363315,1.7264837332978007,10.99691648550133,0.6694781788236518,Medium,3.759577450534983,1.6937448300548676
245,-3.801979464655625,2.8711222178439306,2.4524645867134134,0.6532892411863293,Medium,0.4581428626765829,1.2364249556222446
246,-3.6160363556424313,2.0202806304737466,5.119965006774592,0.6654366742044797,Light,1.2883603444254792,1.79706220973425
247,-4.043350686197043,1.9533497483387334,6.942323263264759,0.7454987424794153,Heavy,2.667766172072218,1.2776543453514182
248,-4.8716794460671915,2.291221662616477,2.425553666589815,0.8787995619648101,Medium,0.11207849324683128,1.6463323150769433
249,-3.8542032242679767,1.1038852818147753,10.436792300134881,0.8331455058400838,Medium,3.070335469433911,1.8543651910085763
250,-4.1018260330637215,1.2821947703333803,19.015872572779628,0.6039511977907649,Heavy,5.8647809326597535,2.0648934379584127
251,-3.8185438368007816,2.6134265997276307,16.043348772085753,0.8004133007801524,Medium,5.168734844962222,1.884383583599302
252,-4.488406558463684,2.7493833670689423,6.266912034654385,0.6875176067636362,Heavy,1.4893312481304584,2.032346083908412
253,-3.8641759626279213,2.2048995628324652,10.558893784879086,0.6606709121916832,Light,4.892133091740229,1.24124043332727
254,-4.96466489734357,1.9957825453935099,10.894685461253538,0.6049204097228589,Medium,3.170413913583633,1.8643913931112022
255,-4.167455041344278,1.6146863134478808,6.297166146550288,0.6271925800790734,Light,1.6849397913814455,1.8156637024293794
256,-4.826023160203287,2.991463588724823,7.123692180808057,0.6848828412374071,Medium,1.9903156178002597,1.7943213997270904
257,-4.5953795591262505,2.9996192695693167,2.297218862291255,0.7436522182740261,Heavy,0.18813429571398532,1.2808838919417276
258,-4.263048859106765,1.5604882365564763,8.63409178822564,0.8295052039872003,Heavy,3.9645443102767963,1.1806468485800283
259,-3.980999294872661,2.70040073832197,9.172095159133692,0.7981333729374932,Medium,3.435978435766608,1.4433379384633178
260,-4.103535166637744,2.1290960235979597,7.745426794192599,0.6825951580920803,Light,3.335539435726669,1.1450487741341981
261,-4.069780842026717,1.3212493773124079,2.865348605005334,0.7182209005824554,Medium,0.503977798762949,2.124183584817774
262,-4.759359188011186,1.9660049582189585,5.518516776993591,0.7949801493936348,Light,1.5354201893801431,1.5946462500070506
263,-4.955488569177524,1.39915024986978,11.95667126530238,0.8504884565677009,Medium,3.695125629779257,1.826832508242555
264,-3.601646611342167,1.6856521160738998,3.298532064224065,0.84915625741439,Heavy,1.0126914015624204,1.2115008046577986
265,-4.678037447928362,2.5367019310143446,12.051892109973657,0.8781291064258978,Medium,5.40818106163004,1.3194231092773905
266,-3.889907930357565,2.0291717161598912,3.6618750362485217,0.6227992820587503,Heavy,0.6063827571326992,1.4117628696518405
267,-3.8326305121877593,2.833823541668,6.767836132811878,0.7618779952462982,Light,2.6751319404693454,1.1859602516899657
268,-4.346104303950744,2.7401537575497152,5.3637111787648895,0.8039598426402126,Light,1.7529572769221486,1.2792695508489607
269,-3.7930062655840358,1.556286748043843,11.222558906840813,0.8266648650743045,Heavy,4.845819360478326,1.3487841927956605
270,-4.143503674856711,1.1313051306768953,13.91577820812008,0.6756154829317577,Medium,4.504271746993767,1.8748027268512821
271,-3.777502573085074,1.9611535817219823,11.882378065672041,0.7122082325910307,Medium,4.258872362744094,1.6525625890357807
272,-4.641941597576142,1.9363580267895333,12.168104114709005,0.8949101516532152,Heavy,4.699220848021595,1.5465946840942593
273,-4.425894085219187,1.7304696081261612,3.527020538868305,0.7961041885827319,Light,0.5742111155055767,1.4735769527857228
274,-4.952962734512167,2.915861479304511,4.334094271582314,0.8450067936204868,Heavy,1.206989096956493,1.20032149697006
275,-4.675603368426794,1.3013097293503222,8.572372375195519,0.8466727774508481,Medium,2.1206058388238467,2.126938372548466
276,-3.7196664772014563,2.405288898151933,10.043114414107489,0.8254575468453631,Medium,4.810771983586466,1.185424886641411
277,-4.476734619541038,1.8169047654156907,9.446145672690442,0.618231809815856,Heavy,3.361696404472782,1.545479567729274
278,-4.127426072825783,1.18710463732703,17.45065890308193,0.6350341707307207,Medium,5.901318025488141,1.8672661861935471
279,-4.858945335280742,2.4063356428585445,8.42209806592841,0.8165191011621341,Heavy,3.8064879764064576,1.1554352183905021
280,-4.839099774332135,1.1113354654483214,2.4806418669727215,0.8684247014958371,Light,0.3305084515376353,1.5895297553368257
281,-3.9518171910984625,2.5055968206834196,7.220260304568374,0.7239844381358259,Medium,1.6878583979324324,2.1511001787313733
282,-4.645598222776881,2.8510140551327323,3.0508503027858342,0.7635895092865024,Heavy,0.8056579006769389,1.3283598006698754
283,-4.675005342520139,1.9997393155560503,3.3352404255045727,0.8699810267313248,Heavy,0.8950252287707698,1.1792005701628685
284,-4.724780437889169,1.3288926719778402,4.762863034839989,0.8741292694370512,Heavy,1.424316098666816,1.4630676141506147
285,-4.303030243666175,2.8788131924788725,4.952961915739544,0.7366903340379037,Heavy,1.0151681904982708,2.1228983969662796
286,-3.6342216071154114,2.586878692434796,12.670365606254117,0.8591106394107835,Medium,4.390465152056893,1.711900870857371
287,-4.2866817964171515,2.2968467060631164,13.704437316119092,0.8974055622068794,Medium,4.6350803873442885,1.729724365185235
288,-3.7244589473091043,1.080803389122105,4.366544663707465,0.6618781585649806,Light,0.9872899224403584,1.8367062018689144
289,-3.761816077557121,2.1479332142202283,7.989127112285829,0.869814394624808,Heavy,3.60406180197735,1.172166573480965
290,-4.772421398620001,2.097130502430689,16.389741938279037,0.8726024470376759,Medium,4.645452275819839,2.1692006811580757
291,-4.797410974488395,1.0560244960019403,7.11118719428889,0.7886003510450442,Heavy,1.982179844583541,1.8135699851449796
292,-4.771163219734024,1.8203377582789602,4.3277876876205505,0.8258938413599173,Heavy,1.0335430018994094,1.6771096594963026
293,-4.4520882664238615,1.321109494052844,15.106424320143415,0.6796769512156983,Heavy,5.485821304984674,1.7085440671942573
294,-3.927794541802678,1.7638028723568728,10.049339892352785,0.6683316437881475,Light,3.1912897056797154,1.7564548235971045
295,-3.506966044373065,1.5251059021427946,2.6370773024736294,0.7568554412741515,Medium,0.5152050956372094,1.8610507018753444
296,-4.466145701543952,1.8378404007562483,6.646877588926202,0.7544802752607809,Heavy,2.3709529979027906,1.334468524365195
297,-3.782283285179469,2.124087254996761,11.642912700551777,0.7689391084758934,Medium,5.4821157194981645,1.2571375359769674
298,-3.5446597762949272,1.7472121039196873,5.268774653178027,0.6326921283120435,Medium,1.4933703802177212,1.5890154361032498
299,-4.424659831720577,2.873908555827099,7.019160994873043,0.6569522425976223,Light,3.022467540901116,1.173808854158739
