,day_0,day_0,day_0,day_0,day_0,day_0,day_1,day_1,day_1,day_1,day_1,day_1,day_2,day_2,day_2,day_2,day_2,day_2,day_3,day_3,day_3,day_3,day_3,day_3,day_4,day_4,day_4,day_4,day_4,day_4,day_5,day_5,day_5,day_5,day_5,day_5,day_6,day_6,day_6,day_6,day_6,day_6
,hVent,dVent,ceilingMinusFloor,outMinusFloor,intWallMinusFloor,extWallMinusFloor,hVent,dVent,ceilingMinusFloor,outMinusFloor,intWallMinusFloor,extWallMinusFloor,hVent,dVent,ceilingMinusFloor,outMinusFloor,intWallMinusFloor,extWallMinusFloor,hVent,dVent,ceilingMinusFloor,outMinusFloor,intWallMinusFloor,extWallMinusFloor,hVent,dVent,ceilingMinusFloor,outMinusFloor,intWallMinusFloor,extWallMinusFloor,hVent,dVent,ceilingMinusFloor,outMinusFloor,intWallMinusFloor,extWallMinusFloor,hVent,dVent,ceilingMinusFloor,outMinusFloor,intWallMinusFloor,extWallMinusFloor
0,58.33611111111111,2.0,1.1602810868872382,0.7501554987615577,0.6408938322419383,1.1725919627137813,82.71388888888889,3.0,0.927359913112312,0.6175967967264455,0.5450061129031051,0.9576192678755575,106.80972222222222,4.0,1.025164480199905,0.7165645973656893,0.6352589805828899,1.1612797525757799,131.13611111111112,5.0,1.1268238139401063,0.8373791921867877,0.7364106794228462,1.4218881613768275,153.0361111111111,6.0,1.3576058889658924,0.658487727330396,0.5408820169816787,0.8144307237842838,,,,,,,,,,,,
1,10.744444444444444,0.0,1.1864410536221754,0.7823281432592921,0.8203904257328674,1.0024295770602123,34.41388888888889,1.0,1.2044539149094788,0.7339933111047117,0.7484109899057737,0.8788539232994168,58.084722222222226,2.0,1.4413511993853518,0.7636279020545231,0.7330875526754758,0.8437042958677949,81.42083333333333,3.0,1.5920262598263974,0.7032781597454374,0.684413170851613,0.5653934465938306,106.65555555555555,4.0,1.122538803167771,0.6356110831273014,0.6427174371134848,0.7153416156044159,128.9777777777778,5.0,1.623879884088396,0.6358566082631398,0.563208572594713,0.46644940544759095,153.05277777777778,6.0,1.5198158378148605,0.5569190805446596,0.5349061564340142,0.2622542052298087
2,59.334722222222226,2.0,1.738984487034955,0.5528139272578017,0.13609005016737777,0.5420727804036005,81.41666666666667,3.0,2.1303450649401583,0.5929867193263334,0.06801362264955912,0.5173410103764269,,,,,,,,,,,,,,,,,,,,,,,,,,,,,,
3,9.855555555555556,0.0,1.6601204391305373,0.6495187006330241,0.6344966013209614,0.35828819458610894,34.920833333333334,1.0,1.30783303465482,0.7105902112344751,0.7607384279432287,0.628056822937296,59.708333333333336,2.0,0.9450842661864698,0.6908253783279719,0.7485344931893488,0.8544020402164989,82.81111111111112,3.0,1.218939177052718,0.7563060694986916,0.8071196921083489,0.8149068344392134,106.16666666666667,4.0,1.592051813049082,0.8031038566820143,0.8064243359355885,0.7371731579039533,129.275,5.0,1.881128906812691,0.7581222970403303,0.7707802894936245,0.4376860849495472,154.51805555555558,6.0,1.2872230276779106,0.6759848049358084,0.7415748848205936,0.54007100127086
4,7.565277777777778,0.0,2.8262158398862454,1.1453726369112474,0.6693056588768419,1.4444437859513783,32.88055555555555,1.0,2.5991101170264983,1.2115997445355475,0.8125600806842499,1.6169847192029607,56.94444444444444,2.0,2.771333017287006,1.339541547569496,0.8410425546212869,1.9680335547464693,81.75694444444444,3.0,2.7740297520531527,1.5950517517253786,1.1678224476966694,2.493398806183748,106.29861111111111,4.0,2.3426886903243087,1.5528001443471737,1.2790609350037367,2.4692466175229555,129.31666666666666,5.0,2.623338232647612,1.5261615398717794,1.2193692733354737,2.221518849526447,153.05833333333334,6.0,2.839571731838163,1.5350993773754453,1.0834055956618205,2.32646561297436
5,82.34722222222221,3.0,1.022237632728519,0.6959055397527294,0.5798172738636301,1.168005225810802,106.78472222222221,4.0,0.8171090012368438,0.5773211680588446,0.4843462660162932,0.9863233343980937,130.86527777777778,5.0,0.9262968298728396,0.6820157839717638,0.5816763271834873,1.181321476334631,155.1986111111111,6.0,1.0355731021385708,0.7970239669613903,0.6828645028680947,1.4285928726217776,,,,,,,,,,,,,,,,,,
6,10.551388888888889,0.0,1.0045260908635782,0.5988307475930412,0.6680260272391839,0.6230808490696376,34.74444444444444,1.0,1.0050231923884496,0.634501722660147,0.7050115833306307,0.7123625441689967,59.14861111111111,2.0,1.0196445582058118,0.7008493574999335,0.7735632034811649,0.8851549089649922,80.875,3.0,1.510704031089034,0.6551062014537052,0.6527502172523517,0.5006738272501821,96.53611111111111,4.0,0.3627336243809225,-2.166239907717312,0.06269898855198146,-0.11614603453860184,129.6222222222222,5.0,1.2601179994563552,0.5598754140549715,0.5933834899562621,0.37744213806844584,153.70555555555558,6.0,1.209611670853505,0.5570995405172283,0.5915861533212686,0.41231933363090434
7,10.308333333333334,0.0,1.3220123605342309,0.8704361397583966,0.8738614783322968,1.1604548015261003,34.06944444444444,1.0,1.4664093181264803,0.832106707399376,0.7896199711665209,1.026463046594614,57.45694444444444,2.0,1.566201158103894,0.7387372217279022,0.722066183739642,0.69127764661404,82.675,3.0,1.1350431301065385,0.6920329712402093,0.674597379472786,0.8931247306317118,105.01527777777778,4.0,1.6055781770626254,0.6655582349064701,0.5935398932113003,0.5946737869448242,129.13611111111112,5.0,1.4684710131883492,0.5780996209958431,0.5617565066280529,0.3609103624893919,154.79583333333332,6.0,1.0440220196915249,0.6488222788353113,0.65739320789109,0.8095484415954957
8,8.577777777777778,0.0,3.5686750205886,1.6119615515637093,1.0764281226629653,2.1221914584292563,33.734722222222224,1.0,3.2411450165765103,1.7906800555758053,1.3572100046406728,2.6078878205391476,55.984722222222224,2.0,3.682383782425404,1.59410362464385,0.9942676740625794,2.097900860953928,79.61805555555556,3.0,3.3259610156059836,1.2642193955217067,0.6279208742988042,1.6147739459465953,104.84305555555555,4.0,3.074811239354787,1.3124223540385174,0.8352625891727522,1.6645727933747594,129.83333333333334,5.0,3.0867094519645093,1.7267870707264308,1.2807978573998042,2.5838664705343746,153.00694444444443,6.0,3.4634707372187705,1.791557990824714,1.3375328226203749,2.503594426511256
9,10.676388888888889,0.0,2.005337220217072,0.6715812300142119,0.21089457618736654,0.6945227664645728,35.2375,1.0,2.048115057399457,0.7261967195702681,0.2909512569481573,0.7774289292064793,56.9625,2.0,2.2471029629247994,0.6837007890669184,0.2678039753532886,0.520834050871585,81.40555555555555,3.0,2.1135565037837267,0.5969847933090051,0.26948077438775425,0.267711194455444,105.70694444444445,4.0,2.1009135738808737,0.5693078160790179,0.21583802816071795,0.23446956879931236,129.80694444444444,5.0,2.05896329901519,0.5510800476004647,0.18625864878885068,0.2515968385492613,153.36666666666667,6.0,2.063793821815409,0.5281773818137907,0.15550314643476307,0.18744220562410874
10,10.79861111111111,0.0,2.4972515606207395,0.87629587764674,0.4401822929838204,0.7922348549402614,32.56388888888889,1.0,2.673715726980248,0.8479655677491564,0.40561624632501986,0.6482698231754824,56.92777777777778,2.0,2.6069228274420624,0.7888997313905861,0.3961638112007743,0.477826945825484,81.28333333333333,3.0,2.612194276396224,0.7687855587027173,0.3581817811000339,0.4232273305843677,105.44722222222222,4.0,2.552760270583775,0.7421230822714193,0.33850801932555896,0.4104812025629627,128.96388888888887,5.0,2.547394244282657,0.7162118153700163,0.2985506664605045,0.3671396238061675,152.65833333333333,6.0,2.4564451752329575,0.6822391225420006,0.2777005978931868,0.33827689206223965
11,8.302777777777779,0.0,3.2464513446637255,1.6263255671912589,1.1132344548365012,2.3594739396792903,32.87361111111111,1.0,2.986640003587752,1.4992582931152185,0.9136452391979807,2.3297213139616986,57.136111111111106,2.0,3.0136868397315197,1.571381029608247,1.0251758328948881,2.4161757823699332,81.225,3.0,2.9861568832227334,1.6112584240838856,1.092366089701078,2.487800923621805,104.77222222222221,4.0,3.048882469282276,1.5302429523838583,0.935808698610226,2.3719744100366995,128.52083333333334,5.0,2.979458676921709,1.445098866468257,0.8290576152375024,2.2547950822384593,152.84166666666667,6.0,2.927154548999198,1.4327311038206005,0.9017928826089255,2.1029852927261175
12,8.715277777777777,0.0,3.299914759209642,1.485248561707337,0.9930896813684456,1.9641750110528449,32.858333333333334,1.0,3.381272307787441,1.5486468469125327,0.8942388638648993,2.298408318251319,57.69027777777777,2.0,3.3091926404878933,1.8204931615789661,1.2411047122912986,2.861517535478356,82.24166666666666,3.0,2.754481691891499,1.7678221501171691,1.3734259628849845,2.8258548871727953,105.21805555555555,4.0,3.130429913230955,1.737633480383721,1.2807441103566692,2.563805176568607,128.9763888888889,5.0,3.3717084991455977,1.734107629215515,1.1131835643999135,2.6740669819012908,152.46944444444443,6.0,3.3471339253297714,1.4748187953713625,0.8659990391684053,2.1000387082191168
13,9.140277777777778,0.0,1.0989623621799893,0.5123999997064601,0.40146535418897145,0.6213543753440831,33.891666666666666,1.0,0.9133418551870705,0.432698869171773,0.28808911906476453,0.6101436314362871,57.919444444444444,2.0,0.99657305780066,0.4651950271043006,0.2792711712046459,0.6977575508201284,83.08888888888889,3.0,0.9270465010075526,0.6141524018710101,0.4345271002146423,1.1184744996757985,107.77083333333333,4.0,0.849778766500819,0.6797831843615256,0.5327127656614342,1.3110198874169186,130.9777777777778,5.0,0.9306959019455405,0.6873772969827456,0.5585250891778344,1.2312684161072838,154.45277777777775,6.0,1.0812233871231172,0.6968296578636171,0.5340352592534003,1.185779115129634
14,9.466666666666667,0.0,1.7655016101426781,0.5187496495105961,-0.03655216205953119,0.6585756297719598,106.74722222222222,4.0,1.6214661155967036,0.5530941334834409,0.012366177959933111,0.831766846550579,131.0638888888889,5.0,1.4617625679817081,0.5212928161217434,0.14684083983767474,0.6425145049986156,155.44166666666666,6.0,1.4928487022615968,0.5888896176174399,0.14853417455661125,0.886529591214611,,,,,,,,,,,,,,,,,,
15,,,,,,,,,,,,,,,,,,,,,,,,,,,,,,,,,,,,,,,,,,
16,10.66111111111111,0.0,1.2950650096382361,0.8739459410723924,0.8636150382249923,1.2157311341208725,34.26388888888889,1.0,1.259867552623703,0.7896754020733141,0.7537578777283139,1.0556137861591992,57.94305555555556,2.0,1.5006298230357515,0.8078410977477262,0.731446030596904,1.021665805806677,81.34027777777779,3.0,1.5842532355841712,0.7042472210837616,0.6656752570404288,0.6377406164194781,106.60416666666667,4.0,1.1415233858218983,0.6696373632468209,0.6180714964893544,0.887350306569374,120.375,5.0,0.29111841182400156,-0.7827788483361928,0.10621963296521623,-0.45204605483269233,153.03472222222223,6.0,1.4629363997698732,0.5224655267105192,0.4935195262274779,0.2651837282972451
17,9.33888888888889,0.0,1.3151057444218281,0.7352633882868673,0.6109420103068288,1.0380951523004853,34.07083333333333,1.0,1.0140032194707942,0.5668940514662069,0.45713606364574844,0.828472332773444,,,,,,,,,,,,,,,,,,,,,,,,,,,,,,
18,,,,,,,,,,,,,,,,,,,,,,,,,,,,,,,,,,,,,,,,,,
19,59.547222222222224,2.0,0.8685327801473477,0.558689373415632,0.5898720107728271,0.6321581217703454,82.34027777777779,3.0,1.3814200696824912,0.7301540117289846,0.7033313709540417,0.7658570963389479,106.65694444444445,4.0,1.164466199627995,0.6458402335660907,0.662999475676628,0.6366667312455832,130.84166666666667,5.0,1.1996280407603024,0.7178237503141105,0.7230185894565343,0.8126631269915663,155.30277777777778,6.0,1.210665208533456,0.8056758300883473,0.8054305416879117,1.0467638851858396,,,,,,,,,,,,
20,9.261111111111111,0.0,2.6039652263505104,1.582381224318837,1.2363064956032257,2.391437865795865,33.20972222222222,1.0,2.7941269521174092,1.6070577160216288,1.074940426252046,2.6038377783783346,56.823611111111106,2.0,2.6912459357749725,1.3771997075370876,0.8481992237938982,2.151192215730333,82.12777777777778,3.0,2.4843960500397912,1.6119203316207518,1.0635405584373625,2.859307287187022,104.52638888888889,4.0,2.7168684451002036,1.3788419322040824,0.7362016275401734,2.3251471091140985,128.70555555555555,5.0,2.4918605349117087,1.1810001392801297,0.6439511943947736,1.8168699582711128,153.92777777777778,6.0,2.4769289749603587,1.5199799303390762,1.0581329580672143,2.5066150319316165
21,9.755555555555556,0.0,2.563738474123369,1.5966896308689513,1.1507140881717344,2.6675895323653123,34.375,1.0,2.2099124617972024,1.5772227480407537,1.2374510255652353,2.6946303807011134,57.46527777777778,2.0,2.4028895129982004,1.538029471095399,1.2064089680680041,2.4135473203266855,81.18611111111112,3.0,2.6187929541767545,1.5537241495038643,1.0665937131510976,2.5536558476277946,104.75416666666666,4.0,2.4798628480269542,1.2935778665205362,0.803754385633089,2.0531146502701034,130.07638888888889,5.0,2.286852648247404,1.5118878946608447,1.011789365500628,2.7209028557926302,152.45,6.0,2.4801349457103328,1.2710565871003041,0.668682971862637,2.1824146943694984
22,8.059722222222222,0.0,2.034295277895737,1.0141538041829676,0.6617494231502027,1.5084055266941476,33.30972222222222,1.0,1.781786833819794,0.9680299503073115,0.6523566879294028,1.5203096997027785,58.231944444444444,2.0,1.977077987302991,1.3344740468983503,1.079700426946464,2.1607474670483953,81.35,3.0,2.2123139585727074,1.3869280992192188,1.120533003365144,2.14172469267767,105.85694444444445,4.0,1.8856380994184008,1.2191871691766636,0.9450724752559315,2.0061817064607794,130.04305555555555,5.0,1.9490284653878547,1.3182734419897884,1.1600193790346414,2.0156870291243365,154.4111111111111,6.0,2.0767950983157704,1.4829773277661786,1.2902285069767931,2.402237144962612
23,11.356944444444444,0.0,1.7742990837813721,0.5600163689524891,-0.01841429175129387,0.7414798790586303,33.420833333333334,1.0,2.1654541931391975,0.586079802863182,0.02547383004880051,0.5289582009488498,130.62916666666666,5.0,1.9736370830438972,0.6100685420360605,0.02139579633584295,0.7489545337464563,154.91944444444442,6.0,1.8004727409757493,0.5794781291517666,0.16255654559112998,0.5738655600064675,,,,,,,,,,,,,,,,,,
24,10.330555555555556,0.0,2.725663545617408,1.9262609840362614,1.2972074939718397,3.492056714933014,32.793055555555554,1.0,2.786692725413289,1.584885698176464,0.8742292809860525,2.8055464123470415,57.080555555555556,2.0,2.4317831731382853,1.318947913016558,0.762713886223518,2.1774299671200623,82.23888888888888,3.0,2.474318807304414,1.6706395427632401,1.1558209530954808,2.836605477489286,104.67916666666666,4.0,2.6962778806549323,1.482291067880439,0.9323554909612994,2.3676705407994234,128.2472222222222,5.0,2.388038890202452,1.1671325754623183,0.5507889329617702,2.000459138899828,153.4486111111111,6.0,2.189293655537014,1.2095599768678795,0.6741418026076312,2.1082385698966135
25,7.898611111111111,0.0,2.102519054404823,1.0085819253661157,0.6694429542162462,1.4314422462890235,33.17916666666667,1.0,1.9473110762842367,1.0804072147662396,0.7786102302580721,1.6427113828877253,57.18472222222223,2.0,2.1498241042855,1.2223256784940872,0.8190628761621213,1.992523586807934,81.95416666666667,3.0,2.2634739286354346,1.4900909684039334,1.134683424271472,2.5038171021930253,106.46666666666667,4.0,2.0014640033079445,1.4751786563372775,1.2436002496158853,2.4816690102420864,129.59444444444446,5.0,2.111834205808563,1.4147980759155843,1.2140508444742675,2.1848482579794393,153.28333333333333,6.0,2.2991944064375502,1.4345930355489145,1.0934742725240862,2.3056082756724265
26,130.59444444444446,5.0,1.2169834757795996,0.8182432855200972,0.6447570137755084,1.3887662999204053,,,,,,,,,,,,,,,,,,,,,,,,,,,,,,,,,,,,
27,,,,,,,,,,,,,,,,,,,,,,,,,,,,,,,,,,,,,,,,,,
28,82.39027777777778,3.0,1.14108029548224,0.7726820791353219,0.6522497126522874,1.2613305479255246,106.82083333333334,4.0,0.9182284103601148,0.6467677897406503,0.5577347636773405,1.0691057437342124,130.90277777777777,5.0,1.0309698919053858,0.7521609883302887,0.6543673394746511,1.2800396365115034,155.2611111111111,6.0,1.133183851134575,0.8775500999104935,0.759096011593788,1.5464908346907578,,,,,,,,,,,,,,,,,,
29,154.5611111111111,6.0,0.9995010055729949,0.7079846268180177,0.6214914636667194,1.1727102722866647,,,,,,,,,,,,,,,,,,,,,,,,,,,,,,,,,,,,
30,9.415277777777778,0.0,1.4388479670600702,0.36069563442690367,-0.10290098845787081,0.3746744585671138,34.15,1.0,1.3332955858238194,-0.3663030639640539,-0.03270063694872268,0.1887758091603331,83.48472222222222,3.0,1.3143533169332215,0.3866513083552974,-0.04441599575182901,0.48350003097756655,108.45555555555555,4.0,1.1131684048037869,0.45390963927226835,0.07814818189439166,0.764395167903615,131.4986111111111,5.0,1.2859923002159803,0.5054091546423933,0.11717005187005707,0.76861927929167,154.80833333333334,6.0,1.4891668326556697,0.526407736296477,0.10723885619239108,0.7123039013872159,,,,,,
31,10.158333333333333,0.0,3.0827317092394395,1.9758938032268816,1.4594357369173518,3.254347766845342,32.523611111111116,1.0,3.360417426117337,1.658623848315088,0.9779356249027652,2.5962148739772744,56.613888888888894,2.0,3.156788895738572,1.4299741669480284,0.8490549448260509,2.0298872821600042,81.85138888888888,3.0,2.988605404038168,1.7382281017739274,1.2567011872766471,2.697032509657234,104.19722222222222,4.0,3.407315936217884,1.5692836679073423,0.9689871600194996,2.231014212309148,127.85138888888888,5.0,3.068333916927159,1.2555883516583464,0.6151368708381236,1.7922233808169779,153.10833333333332,6.0,2.800250913216516,1.3028765403249452,0.8111492483330807,1.8574082119371838
32,9.918055555555556,0.0,1.0575700295218127,0.5393757457471082,0.3793033288372148,0.7929686728337941,35.07638888888889,1.0,0.9010050729987,0.6000149794505916,0.45056943951273354,1.0697719601191835,59.71111111111111,2.0,0.8099120432621021,0.6513193109060893,0.5256905923695143,1.2310476083611377,82.89861111111112,3.0,0.8931983495759113,0.6544380075240781,0.5481911620929859,1.144755020152516,106.35277777777779,4.0,1.051706444525351,0.6645410260949518,0.5220769087229181,1.090391464666851,129.7263888888889,5.0,1.033704399722339,0.5268892745306459,0.403132145157817,0.730352868299434,154.75416666666666,6.0,0.8616610258670789,0.5225350513550922,0.3641445423183427,0.9449342518333026
33,10.065277777777776,0.0,3.067507118368681,1.8426202772674145,1.472663790117532,2.7894010444940562,32.38472222222222,1.0,3.3953171932385686,1.5732596439531648,1.0107180414632684,2.193764906376586,56.36527777777778,2.0,3.2952829157452896,1.3863237415928609,0.8710327882988432,1.7122226908942366,81.66111111111111,3.0,3.0605918477112226,1.6396689402427,1.2610310778384342,2.3076807844048943,103.95694444444445,4.0,3.495571697263813,1.496896319180692,0.9589123993120504,1.891538185224647,127.62222222222222,5.0,3.176256880987779,1.2164415135839732,0.6421496103574024,1.4808751061778906,152.86527777777778,6.0,2.9493569761322647,1.2683116145450413,0.8426724069287749,1.550097775688883
34,9.488888888888889,0.0,2.974578186908161,1.5447024568904482,1.1467125788906618,2.1813741028126827,33.63611111111111,1.0,3.0029221014088847,1.6369460147002854,1.2955258951099087,2.2671049008578876,58.20138888888889,2.0,2.9714285496162205,1.7842537518341572,1.4723797133252436,2.5993637567372616,80.19027777777778,3.0,3.3072181466597925,1.4455026323393696,0.8357466904712254,2.0068291635158744,104.70555555555555,4.0,3.134544232004103,1.3897645539163364,0.7431170064316556,2.047185821540211,128.99444444444444,5.0,3.174640351212176,1.4808921735939293,0.8749522542020856,2.1555292002065443,153.10833333333332,6.0,3.1390851857062927,1.522929894593986,0.9537744501740614,2.2286068592788837
35,8.886111111111111,0.0,2.9905202853054504,1.470241672743768,1.0053788288161865,2.096668451539628,33.731944444444444,1.0,2.9005983334515975,1.6654072470061578,1.2460203555169045,2.563174995499679,58.26944444444444,2.0,2.42293492200443,1.600391421375079,1.3371664637081249,2.5135304610431746,81.25555555555555,3.0,2.72960755236015,1.5720755964054263,1.261702239127492,2.2647686540553877,105.00277777777778,4.0,2.9447593978074877,1.577285311001063,1.116886486028373,2.361748834148642,128.51388888888889,5.0,2.898435109103687,1.3492715244463653,0.874556671724155,1.8730035231575783,153.93472222222223,6.0,2.531729807110054,1.5210385563815265,1.1087539711013552,2.4688194940009254
36,84.89861111111112,3.0,1.2540699741322925,0.5402251916017633,0.025688516449193344,1.0533089208220474,107.81388888888888,4.0,1.4515343392130546,0.596559176289901,0.09163716787749838,1.0347736943914043,131.04861111111111,5.0,1.6802287257023494,0.6277336060449983,0.10628000632478536,0.9509633529924457,154.09722222222223,6.0,1.7026333731481742,0.5466951687584043,0.16780015832557163,0.543861945971841,,,,,,,,,,,,,,,,,,
37,9.915277777777778,0.0,1.2223197146854687,0.7576592073568804,0.6589249475946796,1.1418876614822295,34.54861111111111,1.0,0.9066847457371239,0.5910286282472441,0.5157844344719583,0.9263377082741187,58.74722222222223,2.0,1.00454633156194,0.7122018690137963,0.6215517789153324,1.1818721706697204,83.09027777777779,3.0,1.1242552647237858,0.8459883440371243,0.7318989967826516,1.4714038030276697,105.04722222222222,4.0,1.3031454848363495,0.6544124556078543,0.5292610687912003,0.8676243972901005,129.68055555555554,5.0,1.0503012181316933,0.5304446477351377,0.4216364831045875,0.7057989035694305,153.93055555555557,6.0,1.047605412895578,0.5535098702135457,0.4315367351311418,0.793916889490248
38,8.96388888888889,0.0,2.555586138074858,1.4798506195813985,1.094653035470671,2.2816430188524492,34.205555555555556,1.0,2.342587684782714,1.6252711850169703,1.1674218838585706,2.8847162250022933,56.608333333333334,2.0,2.4930557933932107,1.3805060857243063,0.8331021572969538,2.3333469082247973,80.82916666666667,3.0,2.2321859233661456,1.1622651940896276,0.7301881885473686,1.8194662988866668,106.00833333333334,4.0,2.261222054566872,1.4869632070523409,1.12034195337984,2.4621446792564825,128.42361111111111,5.0,2.482998169583581,1.3234897797044596,0.8866287688853873,2.0256875470739857,152.05972222222223,6.0,2.1853905357484535,1.0374941725475537,0.5498402116727211,1.6526552694604248
39,9.218055555555557,0.0,1.4518960493678605,0.7145017523699408,0.5280074506593214,0.9668532669104195,106.475,4.0,1.2094077683484414,0.7771808178960811,0.5733563347570888,1.335882877509036,130.91666666666666,5.0,0.9779405370541809,0.6478349983958225,0.4838781217037725,1.1332251578368187,154.9888888888889,6.0,1.1117540317064112,0.7653479743866853,0.5854060224419962,1.3735274470855359,,,,,,,,,,,,,,,,,,
40,11.25,0.0,1.8042220935573425,0.525048391811012,0.04810018140336562,0.4959236758379433,33.952777777777776,1.0,2.1432645063009517,0.5892145394322199,0.09456668302922348,0.4146650208010101,58.775,2.0,1.9044926539956748,0.5553157468429077,0.18788305243022307,0.35332173119307697,81.05972222222222,3.0,2.0581840545740704,0.5493606277630079,0.13055788173487315,0.31269687811540336,104.94166666666666,4.0,2.064713177661332,0.5203461847556667,0.12723987663734704,0.18451459881652,130.6222222222222,5.0,1.8713020573869699,0.5136238108993467,0.16879308820310732,0.25069129078924846,152.9013888888889,6.0,2.116365255442517,0.5431589561570433,0.09307170995437748,0.28123095358748174
41,9.46111111111111,0.0,3.0555402130743516,1.6154442791095107,1.258990150028339,2.2535801594516442,34.0875,1.0,2.493192314861375,1.53005073203704,1.3105412730880392,2.266165991334134,56.98611111111111,2.0,2.897282433230444,1.5307306402803533,1.2108480317420174,2.082923767189925,71.94722222222222,2.0,-0.24119943449771597,-0.47280372161469586,-0.16996473665345965,-0.6701093196380441,104.25972222222222,4.0,3.0970693347831713,1.3208265541886277,0.8580844646922259,1.6533826829025031,129.75833333333333,5.0,2.66007106801743,1.4845100019431783,1.1097079408694412,2.2422982408709515,152.09444444444443,6.0,2.9822198853910606,1.270845076499441,0.7385669181566735,1.732125832467048
42,10.6125,0.0,1.0221306342939016,0.6207876963486427,0.6728396142102184,0.7007742506192187,34.81944444444444,1.0,1.0209611498471531,0.6534754864697021,0.7037833790932903,0.7924847986912198,59.25833333333333,2.0,1.0352538795102788,0.7283241053545169,0.7751151511494262,0.9819416273400066,80.97916666666667,3.0,1.5115687734558918,0.671592432064017,0.6526252819070398,0.5727666331485324,105.49305555555556,4.0,1.2887170870112925,0.5706400813004961,0.5831067343328632,0.41954749538794545,129.75555555555556,5.0,1.2453159913830945,0.5705992741391412,0.5845741204962849,0.44696044288699,153.8236111111111,6.0,1.202874975220368,0.5717805769433113,0.5826957312095781,0.4853622950865173
43,,,,,,,,,,,,,,,,,,,,,,,,,,,,,,,,,,,,,,,,,,
44,,,,,,,,,,,,,,,,,,,,,,,,,,,,,,,,,,,,,,,,,,
45,9.331944444444444,0.0,2.4325987015637907,0.5472844988468495,-0.1622330671731286,0.38162930155228025,32.140277777777776,1.0,2.354441328208594,0.5465194498208348,-0.026975173376939665,0.28735466247690056,57.15694444444444,2.0,2.3188658384357552,0.5590900862347894,0.040818568129954734,0.25005437592591306,72.95277777777778,3.0,0.3121197819246788,-3.1423265032972267,0.5895299268287602,0.1526276400674078,106.02361111111112,4.0,2.36503759373322,0.653784229875555,0.12386806626763303,0.4501293907459001,130.25555555555556,5.0,2.241742831666315,0.6525759742980028,0.203422142842309,0.4432694295468025,154.5875,6.0,2.238179961616666,0.687511591871214,0.24659631856493527,0.5111340400462296
46,57.49166666666667,2.0,1.5483258377376927,0.719522959559967,0.6824432308380229,0.6740644421435746,154.61527777777778,6.0,1.1835082468601854,0.724136246950394,0.733499427249375,0.8966335593283219,,,,,,,,,,,,,,,,,,,,,,,,,,,,,,
47,10.511111111111111,0.0,1.2608967504913977,0.8208490328639897,0.686188955372567,1.290453933855673,35.09722222222222,1.0,1.276845422771217,0.877578713248937,0.6748382987023026,1.5477027254162863,57.11805555555556,2.0,1.48173113810509,0.6797377665664612,0.4829369219913057,0.9150584020524235,81.78194444444445,3.0,1.1943243800040477,0.5433434853181325,0.3653516938002876,0.7412965949347949,106.05694444444445,4.0,1.188719687344232,0.5714911967727829,0.3698898095313818,0.85061026683249,130.11388888888888,5.0,1.1885431881518258,0.5965968601551168,0.3790557693536461,0.9484195643034923,153.70138888888889,6.0,1.2259365442586017,0.5493816826887041,0.3315787613658898,0.8002469127343801
48,8.4125,0.0,3.640145040657515,1.773398840994986,1.0802057962191942,2.75936424216475,32.49166666666667,1.0,3.4141972536224614,1.4921409299383441,0.8611545788802886,2.1363334817535247,57.75972222222222,2.0,3.2013515090513494,1.8252511266914127,1.2868475122487883,2.851492150946399,80.07361111111112,3.0,3.6576567496964145,1.6240533421377137,0.9675038738797023,2.3478379436849366,103.72777777777779,4.0,3.30183341898595,1.284836146019586,0.5946057853041727,1.8588113193508775,129.00972222222222,5.0,3.0177509855929685,1.356807820401798,0.8314076442550705,1.911540312489791,153.94583333333333,6.0,3.096912958283781,1.8382015216038496,1.284277591117463,2.946150423254082
49,,,,,,,,,,,,,,,,,,,,,,,,,,,,,,,,,,,,,,,,,,
50,9.206944444444444,0.0,2.519497374320551,1.4920960359115583,1.2174055755600648,2.16553800323139,33.15972222222222,1.0,2.6980433434239046,1.5219511948381808,1.0844631256746264,2.3503730667141554,56.76388888888889,2.0,2.621180464120357,1.3192701273194416,0.8689697256903628,1.941764588578394,82.09444444444445,3.0,2.385975291733857,1.5187725515975075,1.0933238480499672,2.5686377404245917,104.48333333333333,4.0,2.6283069614742516,1.319992141075062,0.7758944090665238,2.0870642211096424,128.63888888888889,5.0,2.4409756845945054,1.1377901831489652,0.6788867600017454,1.6401195678847529,153.8736111111111,6.0,2.3980827346797327,1.4385213147972422,1.0753868427102873,2.262365529273268
51,9.443055555555556,0.0,2.588650159731756,1.5589634979225195,1.3565607484284357,2.2044707159512313,34.225,1.0,2.5794102302149327,1.7497751082870678,1.5182868843337947,2.699385094199968,56.25277777777777,2.0,2.844743086442051,1.4197080265056456,0.9130316782428878,2.1706346517062514,80.80555555555556,3.0,2.6960954613159913,1.3908803461492028,0.8387562228475977,2.243020852735768,105.09722222222221,4.0,2.7466934270817234,1.4920047262434366,0.9823231976615668,2.365482286118663,129.2,5.0,2.736483062090116,1.5455209206477463,1.0653568967980174,2.454162661712104,152.74722222222223,6.0,2.7936461722984376,1.4623356149378424,0.9112360913799904,2.3512180378598657
52,7.926388888888889,0.0,3.2348805665430405,1.4730424055242537,0.9507356102935679,2.031334663382637,31.69027777777778,1.0,2.8618811777184874,1.1349751053352435,0.540664757792546,1.5920164129612004,56.984722222222224,2.0,2.614197790846248,1.1941919751091206,0.7532178384289144,1.6476448833847996,81.91388888888888,3.0,2.728565295808025,1.6363035648804072,1.201787175216784,2.587701365783886,105.08472222222221,4.0,3.072488445075095,1.701577066611648,1.2736949923644023,2.5140494895879044,129.63194444444446,5.0,2.6309707937017635,1.5090496076926883,1.1228815785865578,2.320978576092216,153.75555555555556,6.0,2.710165984022936,1.638472239004912,1.3693692808793732,2.3826802464589463
53,7.631944444444445,0.0,3.0821708015000837,1.2588374478506097,0.7110922106588049,1.7820466613694919,32.97361111111111,1.0,2.8058551649436225,1.345970290368129,0.8439030418381558,1.9864539797784033,57.00833333333333,2.0,3.016389014659282,1.4901551164431197,0.8414826626812394,2.428527410719198,81.81111111111112,3.0,3.0422800296193344,1.8123585833491092,1.2026423654863834,3.0700698219537372,106.35416666666667,4.0,2.5931651233899373,1.7993299863019416,1.3583577133263798,3.041708074333826,129.4,5.0,2.8678435560996434,1.7540547658257566,1.2978896930066337,2.734901599591794,153.1263888888889,6.0,3.1162401506700093,1.7459941834130461,1.128074738435468,2.8711621168584713
54,10.791666666666666,0.0,1.338531708485604,0.8310557161708658,0.8922980380961624,0.9527454735999328,32.769444444444446,1.0,1.778012477360491,0.7406024249730763,0.695611971326708,0.5537583805402164,57.390277777777776,2.0,1.5309971139191276,0.6407237693514247,0.6311478931829887,0.4138164858200071,81.76805555555555,3.0,1.4451373455345475,0.6265396928724414,0.6279499106069437,0.4355268834529227,105.89722222222221,4.0,1.3751454458122083,0.6181324307969049,0.6209176257771768,0.4697095511291849,129.49027777777778,5.0,1.4683747863200978,0.6029359989487517,0.5844777331026213,0.39549544598160935,153.29583333333332,6.0,1.4434894234465787,0.5793731821801913,0.5517464035782306,0.3568451216624453
55,9.877777777777776,0.0,1.2204333088997572,0.5248707436686431,0.45146910061557816,0.4912699451763842,34.975,1.0,0.9692356774199311,0.5576473327115821,0.5277318411391434,0.7202943156161723,59.705555555555556,2.0,0.7553346077867644,0.5692819323036247,0.5523895108246203,0.8913845409967536,82.83611111111112,3.0,0.9283153227131322,0.6052517076802815,0.593305162560417,0.8380118590018384,106.23194444444445,4.0,1.176643293835582,0.6360721509106213,0.5860029082297965,0.7708668624523085,129.45555555555555,5.0,1.30693327413141,0.5595049939249748,0.5169694818194301,0.47274710024879596,154.62777777777777,6.0,0.9220793784441526,0.4985121482762338,0.47482805429513536,0.600335511452144
56,82.48333333333333,3.0,1.0518622431546447,0.7201033348757306,0.5590784336713833,1.2683508042377696,106.91944444444445,4.0,0.8498172278443832,0.5973982920724268,0.46130930552133975,1.07730725777445,130.97083333333333,5.0,0.9755286111757044,0.7048017306418046,0.5618276249141824,1.2819983785999227,155.3361111111111,6.0,1.0902940177651743,0.8312757728806872,0.6688754278480218,1.5435442464767988,,,,,,,,,,,,,,,,,,
57,11.108333333333333,0.0,1.0637345103017566,0.7460064650583291,0.6226984654479537,1.2745751445172573,33.47361111111111,1.0,1.316501494334318,0.664999625586205,0.5180391058632807,0.8929195873176212,83.32638888888889,3.0,0.8461542390779044,0.6122667097095444,0.5449170891212987,1.01761995594498,105.42083333333333,4.0,1.2739915010654812,0.6477047869333603,0.5399632254807093,0.8156096123844634,,,,,,,,,,,,,,,,,,
58,10.28611111111111,0.0,2.52261957177501,0.7183950705652364,0.024604118169042028,0.7291792540259507,34.93333333333333,1.0,2.326144474143021,0.7229839201877439,0.23657271635530228,0.6222121789590602,57.25138888888889,2.0,2.5646859614551403,0.7172319972470689,0.19854686150449177,0.5376669013915745,81.22361111111111,3.0,2.5370671554041735,0.6716255751387763,0.23002131375736212,0.30890749482894364,106.89027777777778,4.0,2.24974723846303,0.6845474910206093,0.27479568635424795,0.462459087099802,129.13194444444446,5.0,2.6197100249250695,0.7133692281062451,0.16840620675913462,0.49823956568754113,152.1888888888889,6.0,2.3932217662843414,0.6027055198018587,0.23533272425366647,0.19076818476973756
59,35.35138888888889,1.0,1.0077177739652114,0.7664575769531723,0.6538469704854512,1.3321844355270684,57.36527777777778,2.0,1.4961618281445652,0.7665575420300712,0.6376585952385957,1.0096663469285687,154.38472222222222,6.0,1.282500960677055,0.859959088891145,0.7309452121615342,1.3853804728863537,,,,,,,,,,,,,,,,,,,,,,,,
60,9.905555555555557,0.0,2.5570271873088615,1.6181505104471086,1.2095325031360886,2.629890894425273,33.10277777777778,1.0,2.8085254575547367,1.6271030257745593,1.2075597233966135,2.509273425082611,57.6375,2.0,2.3774138617802834,1.4193262231215016,1.0331070103910396,2.292294289610936,81.75277777777778,3.0,2.4602568396872613,1.5522816893987397,1.2811839453288296,2.3423368869688233,106.25972222222222,4.0,2.509063097790957,1.718126048973474,1.4521092409428935,2.7184590514777085,128.26388888888889,5.0,2.710006386978847,1.3485028044530196,0.8177589799246382,2.117989652998105,152.8013888888889,6.0,2.542807152387425,1.2895930433958114,0.7159430598058757,2.15572168099969
61,7.629166666666666,0.0,2.459522867226312,1.0798816889518719,0.6915351389799061,1.4282098835514887,32.983333333333334,1.0,2.250784426702026,1.1461157734025136,0.840010543000299,1.5953641064842685,57.00972222222222,2.0,2.4364962859597483,1.279300660279489,0.8704704846769952,1.9483896742087552,81.80138888888888,3.0,2.4819308627947976,1.5374243787451718,1.1867392670765373,2.4650808412188496,106.3375,4.0,2.1271917880166455,1.5053419884764452,1.2897910182624532,2.4380584006303962,129.37916666666666,5.0,2.3386833158401004,1.4643751095744904,1.242965708093801,2.1837807053725555,153.10555555555555,6.0,2.5390257308771425,1.4775488013608395,1.1136200661676696,2.2925631807227376
62,,,,,,,,,,,,,,,,,,,,,,,,,,,,,,,,,,,,,,,,,,
63,58.419444444444444,2.0,1.2510292035001527,0.7654814474055485,0.6462669602140257,1.1299458592892506,82.76527777777778,3.0,1.0135278908309857,0.6352729548586211,0.5633718573980294,0.913716214720111,106.86388888888888,4.0,1.1070791572700358,0.7298310555716938,0.6455761272116783,1.1216176298157308,131.23333333333332,5.0,1.190137862249884,0.8506351343517764,0.7456532217995715,1.391710185580152,153.06805555555556,6.0,1.526587140326427,0.6936843718800532,0.5714815585744333,0.781593928948908,,,,,,,,,,,,
64,11.547222222222222,0.0,0.8264256216454271,0.6379072300805575,0.5764889970864099,1.06431716539943,34.261111111111106,1.0,1.2271471145521815,0.7576377923752631,0.668859473728773,1.0986430299110452,58.6375,2.0,0.981258828923842,0.6234118433129225,0.578699760007666,0.8863049909882079,82.76388888888889,3.0,1.0656489767942645,0.721181305786331,0.66447539696865,1.09609559347831,107.09305555555555,4.0,1.1597523726445331,0.8423690098342291,0.7644026494627099,1.3595641918270331,128.97222222222223,5.0,1.4583732692593543,0.6717129953203624,0.5776861576533511,0.7484049252478258,153.5638888888889,6.0,1.1893566418504378,0.5384686273828834,0.473491894811616,0.5581148223111398
65,9.293055555555556,0.0,3.397191978062068,1.7143899462920587,1.376272705120158,2.2369740149837014,33.34583333333333,1.0,3.4384187042004015,1.8056153608492735,1.4974259594328554,2.3627658441618564,58.04861111111111,2.0,3.2876141995911894,1.940839580029234,1.706114487467327,2.6571388324044847,79.96527777777779,3.0,3.72051617118656,1.5521904449483372,0.970550806130826,2.0120250888628277,104.44861111111112,4.0,3.5700908518331573,1.4994532407480818,0.8919697348070486,2.0336756425144245,128.6888888888889,5.0,3.626839508570697,1.599571729007124,1.010519703588803,2.1881930342192533,152.82222222222222,6.0,3.5763418754671648,1.6499221245196765,1.0889184684116628,2.278577609552059
66,9.822222222222223,0.0,2.59892068857134,1.5832824986300693,1.0365808165484225,2.716825163885119,34.426388888888894,1.0,2.2611836918384967,1.5759340660938932,1.1321776079608081,2.7469750965012167,57.55555555555556,2.0,2.429977368903323,1.5245293097713812,1.1086331397207896,2.434194620524096,81.26388888888889,3.0,2.651441216259812,1.5433142009557912,0.9680999081276506,2.583513437076334,104.85277777777779,4.0,2.4800623610607175,1.263622581486672,0.6968041202181515,2.070317358485653,130.125,5.0,2.325938086919834,1.4963613685940942,0.885576790211322,2.776360912503719,152.51944444444445,6.0,2.491430169811963,1.2436863472072304,0.5592478227245058,2.215273185657338
67,10.729166666666666,0.0,1.8390325604625843,0.6751830285716807,0.23504436262189662,0.8283547446963837,34.327777777777776,1.0,2.0220486304053935,0.6812754493792141,0.2491050450187089,0.7013532121350323,57.545833333333334,2.0,2.0978747202202754,0.6237043653393073,0.263014453350479,0.4086562290339657,82.68472222222222,3.0,1.8333293321020108,0.559025509518591,0.2531225607396692,0.356523863525112,105.03888888888888,4.0,1.9723688604832716,0.5298112051843731,0.1823239720232929,0.2629230221014325,129.09166666666667,5.0,1.9055586487454264,0.46140448973714854,0.16717968958918542,0.04599474237375034,154.8361111111111,6.0,1.7184255960383297,0.47719909419198814,0.13175532742334894,0.28663236187479413
68,9.21388888888889,0.0,1.6416369027000286,0.8930975449358556,0.7255020471731891,1.2749884529177393,33.888888888888886,1.0,1.2838710008365268,0.6905831463118517,0.5518116300092686,0.985345512040837,58.15833333333333,2.0,1.2643258980728547,0.7109158342651369,0.551383386557068,1.0781880520886205,82.20138888888889,3.0,1.260554049449368,0.7329459018291544,0.5568782311004364,1.1674532919030582,,,,,,,,,,,,,,,,,,
69,60.604166666666664,2.0,1.3919892078157687,0.5343596688986736,0.0007918656731883781,0.9331704855386533,83.50833333333334,3.0,1.6499773518770553,0.6006063743144949,0.04908237143629416,0.9210898775657341,106.75138888888888,4.0,1.923268171364981,0.6295073522973951,0.05458710107524212,0.8335703665533174,129.78472222222223,5.0,2.0188520087414616,0.5638943349001266,0.11747881019987953,0.43699416604135877,154.76388888888889,6.0,1.7694215920435,0.49448094268383613,0.12182679515042594,0.3572140135509727,,,,,,,,,,,,
70,7.9625,0.0,1.9824456246487046,1.0022201159197266,0.6700715092080713,1.4952980984555921,33.21944444444445,1.0,1.7287592846778495,0.9520997808557468,0.6688530383699174,1.4854624705148183,58.113888888888894,2.0,1.9242780209227988,1.3257869032303375,1.0871741448267376,2.173612220466893,81.24861111111112,3.0,2.1432158248178297,1.3678099797729004,1.1310581726974174,2.1258699936175134,105.77083333333333,4.0,1.8193916545276636,1.204569652401716,0.9577647915260931,1.9793671173217433,129.9402777777778,5.0,1.882960784908775,1.3022993334204784,1.1754637642504708,1.9935431200629665,154.3513888888889,6.0,1.9915764038092476,1.455924166173432,1.3112538225552584,2.360628364847969
71,9.304166666666667,0.0,1.530456701643459,0.8572400886646534,0.6359269407734777,1.3381683081346836,34.03472222222222,1.0,1.1790764001918603,0.6528672435368179,0.4414997179234395,1.072035902032809,,,,,,,,,,,,,,,,,,,,,,,,,,,,,,
72,11.304166666666667,0.0,2.06670489174995,0.5947389512899832,0.06813701888983321,0.5122984801720065,33.3,1.0,2.559991058778408,0.6738750039086909,0.04664635539243515,0.49082873132817895,56.23055555555556,2.0,2.385017072369024,0.6048034927126622,0.11759492196084882,0.3156135788942862,81.32916666666667,3.0,2.3137702478609015,0.5900520992325227,0.14139352854967058,0.24143973415961284,106.98333333333333,4.0,2.107771152269038,0.6120952338890504,0.22386373060948017,0.3516597217295896,130.29583333333332,5.0,2.3509686976779136,0.6916690974935449,0.17598727874375678,0.541666764367946,154.55555555555557,6.0,2.2114935666317876,0.6845509621188768,0.265653005028535,0.5035437777560503
73,9.058333333333334,0.0,1.8584456518096886,0.7987574765634804,0.7486790698952509,0.6769905594192096,32.24583333333333,1.0,1.7943803350119225,0.5807938444298628,0.5348075211557225,0.2044420216035263,57.477777777777774,2.0,1.4524715913509425,0.5466905894254666,0.5636142284552316,0.2319627784034708,83.21666666666667,3.0,0.9770784623831332,0.6429445071789246,0.6793666892319029,0.7596071169278957,106.21527777777779,4.0,1.4336448101706907,0.8160930207400412,0.8044459539422112,0.9263430968373143,130.60555555555555,5.0,1.1868294955360028,0.7179886581127306,0.7543272069450211,0.7863448727482307,154.80694444444444,6.0,1.2311961789650354,0.8042752180313641,0.823466687602893,0.9956078129451669
74,9.777777777777777,0.0,1.5964231887745228,0.6972373607163576,0.6863752557843791,0.5345237329053276,33.68055555555556,1.0,1.6817190740891164,0.6805574183037919,0.6752497838393007,0.4366560897054512,58.84027777777778,2.0,1.3351080406225577,0.7604362215844702,0.7762027406272646,0.8102220708240111,83.63333333333334,3.0,1.009544944200627,0.7666727637104884,0.7816000698474094,1.0751520366690386,106.80972222222222,4.0,1.2444726760964073,0.8222733045707855,0.8398070225686874,1.0269472318481405,130.21388888888887,5.0,1.5785013640784626,0.8567827593922175,0.8358422193953648,0.9433294458113579,153.39305555555558,6.0,1.8022081841329225,0.7841642930030872,0.7863502361205453,0.5791988115890518
75,9.41388888888889,0.0,2.9814616985472355,1.7961830039725868,1.262338635829181,2.930485349401849,33.419444444444444,1.0,2.8850286543492274,1.7420649037521656,1.1942662338188417,2.896732091958256,56.975,2.0,2.885013887918646,1.6122987493887848,1.0128118266137232,2.6755577269072575,80.7,3.0,2.803261995931905,1.5083685711799717,0.8847988648584959,2.5265428450743315,105.05555555555556,4.0,2.705839298268984,1.4751716454765216,0.9529574466587624,2.333438321595736,129.94583333333333,5.0,2.264986357955536,1.3888664779136803,1.0654839279135284,2.144710605539089,153.52083333333334,6.0,2.6861261997633648,1.6771960565659612,1.327097986048102,2.6114983174976203
76,9.097222222222223,0.0,2.576106477284455,1.3024059558178323,0.9260532474635426,1.8587080707476247,33.951388888888886,1.0,2.608879395332494,1.6403779080697518,1.2540684232838355,2.619904515871397,57.075,2.0,2.9053131194375936,1.6620767302838573,1.2805237889073784,2.4908692989808827,81.60555555555555,3.0,2.4668001955822234,1.454772909106282,1.1076123944059095,2.2657765406019195,105.70416666666667,4.0,2.5452640196182017,1.5783658128758304,1.3423031148717968,2.3166119645101446,130.23333333333332,5.0,2.5664943973209233,1.735558401374064,1.5115533528735863,2.664714839001576,152.22916666666666,6.0,2.806221039508472,1.378112527824939,0.8834952689285748,2.0814314082877132
77,57.50416666666667,2.0,1.4467257218846612,0.7537210403027359,0.5538372427330197,1.1004403172095891,154.53472222222223,6.0,1.2696569953363337,0.8550177332690652,0.6543482676767572,1.4888638237997327,,,,,,,,,,,,,,,,,,,,,,,,,,,,,,
78,10.893055555555556,0.0,1.8157435997419498,0.46403091233661087,-0.05884336020127989,0.38733373404818394,34.952777777777776,1.0,1.9258053047015977,0.548936346428988,0.07220053735436238,0.45751083855191155,59.425,2.0,1.9562125751322696,0.6265324919408499,0.16923685269408395,0.6031168182411335,80.98333333333333,3.0,2.2476238941848123,0.6207156288122064,0.10810757437828993,0.46262678085683717,105.28888888888888,4.0,2.1546500369709065,0.5668475936193431,0.13844364968844994,0.2740683531449406,129.51944444444445,5.0,2.14949503971755,0.5465241261297109,0.12419866990923367,0.22538450348370986,153.59305555555557,6.0,2.1007432076417842,0.5338005530433207,0.12220219232804652,0.22035962895914452
79,9.422222222222222,0.0,1.4543868518237844,0.7411901229986597,0.6024729885312562,0.9875947644080156,81.47083333333333,3.0,1.3557191307491223,0.6872398586533279,0.5830638433656882,0.860712582463492,,,,,,,,,,,,,,,,,,,,,,,,,,,,,,
80,10.447222222222223,0.0,1.1525406347734162,0.6937664787753306,0.7548774052535805,0.7567877761837281,34.99722222222223,1.0,1.0887273590410018,0.713401056501354,0.7696224224669285,0.8676109210862251,56.84305555555556,2.0,1.5577309048995858,0.6622184583353885,0.6397665061144645,0.4948578605611118,81.36388888888888,3.0,1.3438077613522665,0.5657726403350267,0.5779912892106106,0.3534502590976416,105.66527777777779,4.0,1.288350708740026,0.5596171844387783,0.5812689810411769,0.3827901043314341,129.75833333333333,5.0,1.2361615074142804,0.5604269036537772,0.5794581298792849,0.42177708287447047,153.30833333333334,6.0,1.3297304230315348,0.5413291801920934,0.5388178513790365,0.32961560748852037
81,10.684722222222224,0.0,1.8173961922521187,0.6953127002858537,0.2362058248099288,0.9279353121012832,34.28333333333333,1.0,2.0031496435585154,0.6943791234172778,0.2533718976860418,0.7755941453301887,57.516666666666666,2.0,2.0695700880585974,0.6272399739372077,0.27148425824270345,0.441488656056066,82.67361111111111,3.0,1.7961644780232007,0.5589795762900707,0.26608757539931105,0.40080986881284275,105.02361111111112,4.0,1.9540295373116976,0.5285422523564307,0.18218057123932377,0.2875713406501603,129.08194444444445,5.0,1.8778490035291213,0.44949538647587417,0.16947898580229528,0.04566919410446246,154.81805555555556,6.0,1.6793111678384776,0.4841755130622545,0.13607603206382635,0.335888728843571
82,9.35,0.0,2.7436929360290208,1.4745455069800784,1.2392515237099342,1.9856963034657014,33.43333333333333,1.0,2.7871872300246707,1.566558507735266,1.3735378567881706,2.0840933541216202,58.09305555555556,2.0,2.7037873035522466,1.686191341301921,1.5486700082628886,2.3517348866706413,80.04861111111111,3.0,3.0367655860911213,1.3752373547859804,0.933010238785684,1.8104250309411754,104.54027777777779,4.0,2.900582888004024,1.3339497669446985,0.8543628021527638,1.867720436530206,128.79722222222222,5.0,2.9486776366880605,1.4222916238218062,0.9766196414381293,1.984655624946214,152.95,6.0,2.9034563606489314,1.4626056064739714,1.064306469693373,2.035220930153642
83,60.62361111111111,2.0,1.361876114499836,0.48520820454697855,0.02296825610633846,0.7395020177664975,83.51944444444445,3.0,1.6192660901913882,0.5529962630994874,0.05982981570089881,0.7453355179037828,106.75277777777778,4.0,1.884640978369589,0.590506816976955,0.06094509188190974,0.6832689897304505,129.75972222222222,5.0,2.0018447756761475,0.5432472779072697,0.10471248937580906,0.36953249004660904,154.74166666666667,6.0,1.7518897243031972,0.47834885266244953,0.1163608087593057,0.2856873172675307,,,,,,,,,,,,
84,9.965277777777777,0.0,1.3505409426976769,0.8192129054672392,0.7132183214432265,1.1923595065123749,34.90694444444444,1.0,1.1021692049993703,0.7479962887450142,0.590766769587186,1.3323824272454203,57.3375,2.0,1.377630154537485,0.6891203788672158,0.5195583746538972,0.976464175977469,81.625,3.0,1.1502245444720813,0.5684269992840143,0.46479129229190147,0.7085678748302371,107.19305555555555,4.0,0.92885227510817,0.6864667482414433,0.5792523298392732,1.1870988972553675,129.35,5.0,1.343505145175385,0.6993882275919105,0.5721966485956121,0.9438440315980472,,,,,,
85,8.833333333333334,0.0,3.1160064486962966,1.64571162203886,1.1957896085643351,2.397935332166199,34.143055555555556,1.0,2.7232147966079197,1.766195902113239,1.2862426405041703,2.9828289478018775,56.516666666666666,2.0,3.0094262627563637,1.5303568915494168,0.9206042834687528,2.4274805145631717,80.65694444444445,3.0,2.8102950882408066,1.327901802945476,0.8196796605878139,1.922447715238377,105.89166666666667,4.0,2.710027916959902,1.6453630806637136,1.2292500106340658,2.5811421864375177,128.26111111111112,5.0,3.0696393207867203,1.4861049853080601,0.9644539090535366,2.1410167834934413,151.91944444444442,6.0,2.751542829502611,1.1913259286507412,0.6248724241941943,1.7345493359387092
86,,,,,,,,,,,,,,,,,,,,,,,,,,,,,,,,,,,,,,,,,,
87,105.51111111111112,4.0,1.904389350653375,0.5593432706780561,0.09460886450347061,0.5116469219451005,,,,,,,,,,,,,,,,,,,,,,,,,,,,,,,,,,,,
88,10.683333333333334,0.0,1.0747204845993252,0.6814811050472116,0.6072985432629091,1.0267382031716608,35.390277777777776,1.0,0.8572552359570409,0.6644767171808041,0.5925557726023195,1.146024271913305,58.67361111111111,2.0,0.9636214472131712,0.6808706808133849,0.6253916221018301,1.0747650185135171,82.13055555555555,3.0,1.172861188089101,0.6973767869647673,0.6042220104310966,1.008468176637166,105.49027777777778,4.0,1.203396889719457,0.5767602090417512,0.5069530372188448,0.6489355432226063,130.6472222222222,5.0,0.9089240375965488,0.5565048009437845,0.46758237367725525,0.8598539813895343,152.9888888888889,6.0,1.2411664043663677,0.5120494788129264,0.3879986139586009,0.543546185612243
89,8.447222222222221,0.0,2.577775170349568,1.4455013759910855,1.0618640559709718,2.2056282632850355,33.081944444444446,1.0,2.3474596120560562,1.3348363026204595,0.8953598357950151,2.1678940081732208,57.33194444444444,2.0,2.3925659406090602,1.4107192605690528,0.9985218275219173,2.27220674756569,81.39583333333333,3.0,2.3983009219253972,1.4544256239380076,1.0605781390399993,2.3599870153667837,104.99166666666666,4.0,2.4163730396447107,1.3824535847170978,0.9419904870896451,2.22369525058663,128.73888888888888,5.0,2.3548998744130785,1.3088502712794252,0.8481582120838264,2.1203643619730173,153.10416666666666,6.0,2.2739810693015556,1.274493524125532,0.9030489458460332,1.976349105015757
90,9.218055555555557,0.0,2.539186635300524,1.5832117959587322,1.2819424658907224,2.388498935883547,33.172222222222224,1.0,2.7228727054099693,1.60696604247795,1.12366373200751,2.5998972957000177,56.77777777777778,2.0,2.6259098266987024,1.3807612252025905,0.8999584119078889,2.149904846353053,82.10416666666667,3.0,2.420501298680975,1.6172682869216004,1.1234939535533357,2.8442805911115556,104.49305555555556,4.0,2.6497788126337127,1.381770252019777,0.7881185940868818,2.317821337910857,128.65416666666667,5.0,2.4369751429399997,1.1823928593140351,0.6967297908501422,1.8196423499943108,153.88888888888889,6.0,2.418759382024419,1.5271768859649484,1.114331026695486,2.5034741839740775
91,10.415277777777778,0.0,1.5903338303217396,0.5404902018536006,0.08881932984311902,0.706206607815119,35.15277777777778,1.0,1.4691745454818061,0.5129495835146827,0.14897402819372965,0.6163582737030282,57.49027777777778,2.0,1.6091603990745966,0.4917261448124748,0.12994643531371253,0.47287237971791285,129.53194444444446,5.0,1.594254428110986,0.4795420572857694,0.07785980451859113,0.4829689854763757,,,,,,,,,,,,,,,,,,
92,8.104166666666666,0.0,2.5094511454456665,1.2963598536446312,0.9504936283182795,1.8533091155758399,31.906944444444445,1.0,2.1948553975909846,1.017263579173047,0.5987349724098484,1.5041840747186654,57.172222222222224,2.0,2.0073172029402713,1.0645882019896789,0.7540498288790237,1.5877908884014715,82.10694444444445,3.0,2.1812739361477753,1.4665922894431134,1.2063911759391932,2.349257866507344,105.25555555555555,4.0,2.4501100770172,1.5244182134144495,1.2633935401811887,2.3154700538923265,129.78472222222223,5.0,2.098349304284639,1.3589550010805311,1.0980505322715288,2.17228203694026,153.96666666666667,6.0,2.1544211814001955,1.4601583279864911,1.3252145171151948,2.1880556601189767
93,10.697222222222223,0.0,1.0726080444644452,0.7655931362849344,0.7477647720431264,1.1566864469336338,34.40416666666667,1.0,1.0466041008292706,0.7021407804357978,0.65646531466867,1.0515433527536686,58.079166666666666,2.0,1.2424981538809305,0.7324179173259466,0.644561376117295,1.0429866263707055,81.53194444444445,3.0,1.272457499561611,0.6279821458986419,0.563597779300134,0.7193481196603955,106.7,4.0,0.976893407478272,0.6127518695320191,0.52672081906654,0.9559546554442022,129.075,5.0,1.323430051847538,0.5766898538527414,0.45459465147944417,0.6496123691484996,153.26805555555558,6.0,1.154142819664628,0.4768940771117087,0.4106889100900304,0.4172610990776917
94,8.740277777777777,0.0,3.435389631756763,1.6438791249076559,1.1009562546903737,2.30562200030721,33.88333333333333,1.0,3.148664931869149,1.8468053755409386,1.3802393296523594,2.8342793328802287,56.17916666666667,2.0,3.5775472545203115,1.6457001110093188,1.0411810968453163,2.314215617119544,79.80833333333334,3.0,3.2222852739459285,1.3084077760343718,0.6608515179973438,1.837394057851128,105.0625,4.0,2.936867549283278,1.351445670208733,0.862164901925136,1.8801163897593653,129.99166666666667,5.0,3.0063243956742554,1.7987776105713067,1.3103491478830591,2.8226274370835966,153.15972222222223,6.0,3.3852893674592934,1.8686102390555135,1.3826748157719966,2.7517648699285218
95,9.916666666666666,0.0,1.3364656525040317,0.7467961639959384,0.6983187435386261,0.9307431878205676,34.45138888888889,1.0,1.023401660494713,0.5965033812787937,0.5924136448457821,0.7240430184918694,58.698611111111106,2.0,1.070518120598436,0.6923333150873958,0.6724886878709194,0.951629306806197,83.07638888888889,3.0,1.1463173053769111,0.8066708676345655,0.769843511418505,1.2156717784442606,104.94027777777778,4.0,1.511153621763853,0.6766091466371194,0.603206315402493,0.6668346442408222,129.51805555555555,5.0,1.249740718321675,0.5499899354076803,0.5102741307373341,0.48496982340195416,153.79027777777776,6.0,1.2166916261507623,0.5569515021815761,0.5141630924153399,0.5462353753753462
96,11.044444444444444,0.0,1.348329272478864,0.41052748704159114,-0.035596761995184543,0.5486042600568055,35.37361111111111,1.0,1.3889100221781803,0.4691664476245734,0.04436877556923946,0.6337425223498485,59.70138888888889,2.0,1.5137234737664755,0.5612826499345402,0.08300393214621238,0.8458500576150101,81.31666666666666,3.0,1.6512444645637032,0.5014192280916916,0.13303896064942933,0.4587227668315279,105.78194444444445,4.0,1.476682419256548,0.3936553858000593,0.11857209834347297,0.1874130810027168,130.04444444444445,5.0,1.4662195650895882,0.36947836272548784,0.05169610979640993,0.17974276074785678,154.11944444444444,6.0,1.4502658871737424,0.3600450901436574,0.017116888352655717,0.21403659790870222
97,8.198611111111111,0.0,2.906423666426136,1.4837661114989231,0.9667402189407758,2.2890094288003695,31.993055555555554,1.0,2.529750116281022,1.133569086145883,0.5305560523001134,1.865689702761685,57.23611111111111,2.0,2.3168227236977685,1.198862249215864,0.7066308575209584,1.9767439538762517,82.20833333333333,3.0,2.5103685200525376,1.6996811925236273,1.193155607755808,2.894277617947324,105.34444444444445,4.0,2.8408631148633248,1.7750910653401917,1.2874649194825356,2.8764238131317086,129.85694444444445,5.0,2.436852693592826,1.5752026222923803,1.1029690358459636,2.700186815240343,154.0513888888889,6.0,2.503094029819465,1.7157442172308777,1.3814590410318175,2.717895787953836
98,9.047222222222222,0.0,2.7352759108129305,1.5898414042610511,1.1437414318968375,2.526797177565655,33.2625,1.0,2.6794568919641364,1.5683798900726487,1.122641844539776,2.5114661617129883,57.30555555555556,2.0,2.6416183605231254,1.5811702847271505,1.1494837436635568,2.53930583829775,80.85555555555555,3.0,2.6684007100865017,1.4854923541834495,0.9886493161099187,2.3894148632334833,104.59444444444445,4.0,2.5985081677241766,1.3968667597261941,0.8754169421751973,2.265011595498933,128.95138888888889,5.0,2.5176793576090972,1.3693863251996703,0.9475042959333706,2.0905518007816255,153.81527777777777,6.0,2.120853594654079,1.286822116013056,1.040321380431403,1.932888801754899
99,10.959722222222222,0.0,2.1484867783784694,0.5601747153715024,-0.04395278997395261,0.45149402236863523,35.10138888888889,1.0,2.2599744714123347,0.6491453874342454,0.09140225348438473,0.5335500680499052,59.577777777777776,2.0,2.303520136214857,0.7294059136505666,0.18076860028889996,0.702481149302443,81.11944444444445,3.0,2.6141444534363956,0.7294850807330278,0.160499119081976,0.5443784034880963,105.43055555555556,4.0,2.5076927248253185,0.6711510603161202,0.2066250310500853,0.32465685914921494,129.6472222222222,5.0,2.508890750981294,0.6525741131611653,0.19222070767381183,0.264483364024656,153.70694444444445,6.0,2.4558682418810776,0.6377188751576028,0.18771944023726425,0.2565227063776945
