category,law,h_error_rmse,h_error_bias,flux_error_rmse,flux_error_bias,h_model_mean,h_ep_mean
roof,ep_law_current_Ts,0.14488386011962381,0.023369774295165003,1.7254834597248812,-0.40312460421686375,5.657093733633723,5.633723959338557
roof,ep_law_previous_Ts,3.6582029806132136e-16,-3.91517451175321e-17,1.4561252451289512e-13,8.397483133242783e-15,5.633723959338557,5.633723959338557
roof,graph,1.9894395361949457,-1.5375568517850584,59.149850705080695,34.38053259893157,4.096167107553499,5.633723959338557
roof,updated_natural_only,1.2447586160019877,-0.9531989744050179,25.152151366089143,10.364527594005157,4.68052498493354,5.633723959338557
roof,updated_wind_only,1.0377183047760818,-0.47575055833125546,35.59318682850153,20.09208793906561,5.157973401007302,5.633723959338557
wall,ep_law_current_Ts,0.10355411546405391,0.02180356579489684,1.1747257706236955,-0.15745365800861696,4.723396058907102,4.701592493112205
wall,ep_law_previous_Ts,0.0001373161907796691,5.64120321904538e-05,0.0008785498821537834,0.0004740039700840412,4.701648905144395,4.701592493112205
wall,graph,1.2013023179048186,-0.9309540888032055,24.91496599871886,10.811180657263053,3.7706384043089987,4.701592493112205
wall,updated_natural_only,0.9672756914607857,-0.7911500603831472,10.462502264729956,4.1938218480873415,3.9104424327290577,4.701592493112205
wall,updated_wind_only,0.5315511875305736,-0.1038841299738467,16.799963818764223,5.674644792995843,4.597708363138358,4.701592493112205
