category,component,error_rmse,error_bias
roof,ep_coefficient_lag_difference,1.592417943631832,-0.09729789403413447
roof,ep_lagged_formula_reconstruction,1.7290904246050082e-13,7.714122550615974e-15
roof,free_running_total,37.22542348543894,-21.589918667926845
roof,graph_law_at_ep_Ts,1.5945721940422168,-0.12190677995261331
roof,model_temperature_and_30s_lag,37.0391948995898,-21.46801188797423
roof,sky_split_difference,0.02559949787353402,-0.02460888591847886
wall,ep_coefficient_lag_difference,0.9285790726225234,-0.059468044652670034
wall,ep_lagged_formula_reconstruction,0.00044920791523424887,-0.00044757261288681414
wall,free_running_total,18.333940390959118,-11.029168003470254
wall,graph_law_at_ep_Ts,10.024448854909847,-9.840436221150359
wall,model_temperature_and_30s_lag,14.375017790374647,-1.1887317823198944
wall,sky_split_difference,9.952736420077573,-9.780968176497689
