zone,quantity,rmse,bias,max_abs,variant,excluded_days
1,T,0.8601059765004081,0.8032872937120081,1.9048673697718073,baseline,0
2,T,0.8942646563005049,0.8391127684970484,1.9434954675693348,baseline,0
3,T,0.7808775948666009,0.7168702043502646,1.8179301791467424,baseline,0
4,T,0.8677369897863045,0.8088037110674422,1.9541080093198957,baseline,0
1,T,0.6934612144037037,0.6766884423531953,1.1790965363134092,baseline,7
2,T,0.7192364731730101,0.7077553807569704,1.1031915326225317,baseline,7
3,T,0.5969195170006373,0.5828332817110626,0.9310558163683708,baseline,7
4,T,0.7178427403735905,0.69145830860064,1.229660372819069,baseline,7
1,T,0.6525008607189066,0.6382168573030508,0.9673031257616458,baseline,14
2,T,0.6752238251426481,0.6666069784246932,0.9426356796438996,baseline,14
3,T,0.5458958642569068,0.5359217535626261,0.7732936213838002,baseline,14
4,T,0.6713155630362154,0.6476440601560156,1.0548373304035294,baseline,14
1,T,0.4452742005920812,-0.3299350905691782,0.7899444210872275,exterior_convection,0
2,T,0.4359629507509236,-0.2983436557133624,0.8688600283247752,exterior_convection,0
3,T,0.4703047124040043,-0.3501066320246321,0.7881916707600567,exterior_convection,0
4,T,0.4455341116800956,-0.3478448380556027,0.68349041538238,exterior_convection,0
1,T,0.4764680863908831,-0.4634448168778149,0.6897408348598901,exterior_convection,7
2,T,0.455304829570332,-0.4384346662916356,0.6732672975874721,exterior_convection,7
3,T,0.504942723155861,-0.4880229519762221,0.7605090071433551,exterior_convection,7
4,T,0.4829651145760487,-0.4752601630544841,0.6594821700626881,exterior_convection,7
1,T,0.5028029239010403,-0.4944900817019954,0.6897408348598901,exterior_convection,14
2,T,0.4845841764865045,-0.4740266024269634,0.6732672975874721,exterior_convection,14
3,T,0.5351420395630719,-0.5236940151875279,0.7605090071433551,exterior_convection,14
4,T,0.5096277886503191,-0.505859233972882,0.6594821700626881,exterior_convection,14
1,T,1.3733658224891323,1.3379557978261112,2.4321775738333713,sky,0
2,T,1.377559197614299,1.3416731708826852,2.4495729376633903,sky,0
3,T,1.2767579298810967,1.237595008107674,2.3394417237487346,sky,0
4,T,1.3916420061928263,1.355292205332632,2.4913053289865843,sky,0
1,T,1.2196634786521483,1.2097079854718424,1.74193302084376,sky,7
2,T,1.2166071426914526,1.2090874352562209,1.6297639247137,sky,7
3,T,1.110988655267951,1.1023030339447473,1.4851739816942882,sky,7
4,T,1.2514648270011512,1.2362219702863757,1.80299465823731,sky,7
1,T,1.1670382416691911,1.1598043201755266,1.4635438767325013,sky,14
2,T,1.1625260259758707,1.157810969681782,1.4079777588882507,sky,14
3,T,1.0498265041926629,1.0448066891084642,1.263047662650024,sky,14
4,T,1.1931667200217857,1.1810110720314884,1.579407170272134,sky,14
1,T,0.3385260999647595,0.1468545088518041,1.2702259469684236,exterior_and_sky,0
2,T,0.3554977579142704,0.1493315407617757,1.320773950362934,exterior_and_sky,0
3,T,0.3388897767257944,0.1149702527210221,1.2540815429891268,exterior_and_sky,0
4,T,0.3150502062803241,0.1381694644271111,1.1883659958567137,exterior_and_sky,0
1,T,0.1242380041700912,0.0117803018054653,0.4315857221467354,exterior_and_sky,7
2,T,0.1338472503058576,0.0080957852082148,0.4127226024033348,exterior_and_sky,7
3,T,0.1421276209691069,-0.0240645005160032,0.4053607946911484,exterior_and_sky,7
4,T,0.0976155297487962,0.009182427448913,0.3649953308599833,exterior_and_sky,7
1,T,0.1010876820284325,-0.0298685555903255,0.2294613140496721,exterior_and_sky,14
2,T,0.1116764394985045,-0.0368125276648036,0.2373185977125445,exterior_and_sky,14
3,T,0.1334638745096912,-0.0693897531774196,0.3069184402184532,exterior_and_sky,14
4,T,0.0716546180315918,-0.0316149436510322,0.1789171744100599,exterior_and_sky,14
1,T,0.3629989876771662,0.2195922694805178,1.2011494192823875,all_convection_and_sky,0
2,T,0.3468429094626634,0.173224837598938,1.2348226127998032,all_convection_and_sky,0
3,T,0.329416311604164,0.1383445320297223,1.1657182435606614,all_convection_and_sky,0
4,T,0.3481951787665271,0.2082848086296056,1.19278496015437,all_convection_and_sky,0
1,T,0.119668938933442,0.0839530845202578,0.3893430243951457,all_convection_and_sky,7
2,T,0.086493701851089,0.0333625963882625,0.2863416107403509,all_convection_and_sky,7
3,T,0.0861837281559225,-0.0024711043743177,0.2710319254489377,all_convection_and_sky,7
4,T,0.1178728070533454,0.0786533755145956,0.4043744485418301,all_convection_and_sky,7
1,T,0.0660802826640137,0.045022821513914,0.1708657939322506,all_convection_and_sky,14
2,T,0.03549518430581,-0.0069345589860769,0.0948649078317203,all_convection_and_sky,14
3,T,0.0591986021699914,-0.0477765753269358,0.1149072176178265,all_convection_and_sky,14
4,T,0.0612026025202339,0.0372665133750378,0.1854759838874997,all_convection_and_sky,14
